ticker_code,company_name,last_update,status
005930,삼성전자,2026-02-09,EXISTING
000660,SK하이닉스,,
005380,현대차,2026-02-09,EXISTING
005935,삼성전자우,2026-02-09,EXISTING
373220,LG에너지솔루션,,
207940,삼성바이오로직스,2026-02-09,EXISTING
402340,SK스퀘어,2026-02-09,EXISTING
012450,한화에어로스페이스,,
034020,두산에너빌리티,2026-02-09,EXISTING
000270,기아,2026-02-09,EXISTING
105560,KB금융,2026-02-09,EXISTING
329180,HD현대중공업,2026-02-09,EXISTING
068270,셀트리온,2026-02-09,EXISTING
028260,삼성물산,2026-02-09,EXISTING
055550,신한지주,2026-02-09,EXISTING
042660,한화오션,2026-02-09,EXISTING
015760,한국전력,2026-02-09,EXISTING
035420,NAVER,2026-02-09,EXISTING
012330,현대모비스,2026-02-09,EXISTING
032830,삼성생명,2026-02-09,EXISTING
010130,고려아연,2026-02-09,EXISTING
267260,HD현대일렉트릭,2026-02-09,EXISTING
086790,하나금융지주,2026-02-09,EXISTING
006400,삼성SDI,2026-02-09,EXISTING
006800,미래에셋증권,2026-02-09,EXISTING
005490,POSCO홀딩스,2026-02-09,EXISTING
009540,HD한국조선해양,2026-02-09,EXISTING
035720,카카오,2026-02-09,EXISTING
316140,우리금융지주,2026-02-09,EXISTING
010140,삼성중공업,2026-02-09,EXISTING
000810,삼성화재,2026-02-09,EXISTING
034730,SK,2026-02-09,EXISTING
064350,현대로템,2026-02-09,EXISTING
009150,삼성전기,2026-02-09,EXISTING
298040,효성중공업,2026-02-09,EXISTING
051910,LG화학,2026-02-09,EXISTING
086520,에코프로,2026-02-09,EXISTING
138040,메리츠금융지주,2026-02-09,EXISTING
196170,알테오젠,2026-02-09,EXISTING
003670,포스코퓨처엠,2026-02-09,EXISTING
247540,에코프로비엠,2026-02-09,EXISTING
033780,KT&G,2026-02-09,EXISTING
272210,한화시스템,2026-02-09,EXISTING
267250,HD현대,2026-02-09,EXISTING
010120,LS ELECTRIC,2026-02-09,EXISTING
011200,HMM,2026-02-09,EXISTING
042700,한미반도체,,
024110,기업은행,2026-02-09,EXISTING
096770,SK이노베이션,,
086280,현대글로비스,2026-02-09,EXISTING
066570,LG전자,2026-02-09,EXISTING
352820,하이브,2026-02-09,EXISTING
047810,한국항공우주,2026-02-09,EXISTING
017670,SK텔레콤,2026-02-09,EXISTING
0126Z0,삼성에피스홀딩스,,
030200,KT,2026-02-09,EXISTING
000150,두산,2026-02-09,EXISTING
003550,LG,2026-02-09,EXISTING
277810,레인보우로보틱스,2026-02-09,EXISTING
018260,삼성에스디에스,2026-02-09,EXISTING
000250,삼천당제약,2026-02-09,EXISTING
000720,현대건설,2026-02-09,EXISTING
323410,카카오뱅크,2026-02-09,EXISTING
071050,한국금융지주,2026-02-09,EXISTING
039490,키움증권,2026-02-09,EXISTING
005830,DB손해보험,2026-02-09,EXISTING
307950,현대오토에버,2026-02-09,EXISTING
047050,포스코인터내셔널,2026-02-09,EXISTING
010950,S-Oil,2026-02-09,EXISTING
259960,크래프톤,2026-02-09,EXISTING
298380,에이비엘바이오,2026-02-09,EXISTING
278470,에이피알,2026-02-09,EXISTING
079550,LIG넥스원,,
090430,아모레퍼시픽,2026-02-09,EXISTING
005940,NH투자증권,2026-02-09,EXISTING
000880,한화,2026-02-09,EXISTING
003490,대한항공,2026-02-09,EXISTING
005387,현대차2우B,2026-02-09,EXISTING
377300,카카오페이,2026-02-09,EXISTING
161390,한국타이어앤테크놀로지,2026-02-09,EXISTING
326030,SK바이오팜,2026-02-09,EXISTING
000100,유한양행,2026-02-09,EXISTING
007660,이수페타시스,2026-02-09,EXISTING
016360,삼성증권,2026-02-09,EXISTING
003230,삼양식품,2026-02-09,EXISTING
009830,한화솔루션,2026-02-09,EXISTING
950160,코오롱티슈진,2026-02-09,EXISTING
180640,한진칼,2026-02-09,EXISTING
443060,HD현대마린솔루션,2026-02-09,EXISTING
058470,리노공업,2026-02-09,EXISTING
128940,한미약품,2026-02-09,EXISTING
006260,LS,2026-02-09,EXISTING
028300,HLB,2026-02-09,EXISTING
029780,삼성카드,2026-02-09,EXISTING
032640,LG유플러스,2026-02-09,EXISTING
064400,LG씨엔에스,2026-02-09,EXISTING
454910,두산로보틱스,2026-02-09,EXISTING
078930,GS,2026-02-09,EXISTING
141080,리가켐바이오,2026-02-09,EXISTING
028050,삼성E&A,2026-02-09,EXISTING
214370,케어젠,2026-02-09,EXISTING
001040,CJ,2026-02-09,EXISTING
087010,펩트론,2026-02-09,EXISTING
138930,BNK금융지주,2026-02-09,EXISTING
022100,포스코DX,2026-02-09,EXISTING
021240,코웨이,2026-02-09,EXISTING
267270,HD건설기계,2026-02-09,EXISTING
001440,대한전선,2026-02-09,EXISTING
241560,두산밥캣,2026-02-09,EXISTING
005385,현대차우,2026-02-09,EXISTING
052690,한전기술,2026-02-09,EXISTING
240810,원익IPS,,
034220,LG디스플레이,2026-02-09,EXISTING
175330,JB금융지주,2026-02-09,EXISTING
011070,LG이노텍,2026-02-09,EXISTING
088980,맥쿼리인프라,2026-02-09,EXISTING
039030,이오테크닉스,2026-02-09,EXISTING
271560,오리온,2026-02-09,EXISTING
062040,산일전기,2026-02-09,EXISTING
066970,엘앤에프,2026-02-09,EXISTING
251270,넷마블,2026-02-09,EXISTING
450080,에코프로머티,2026-02-09,EXISTING
082740,한화엔진,2026-02-09,EXISTING
140410,메지온,2026-02-09,EXISTING
214150,클래시스,2026-02-09,EXISTING
036570,엔씨소프트,2026-02-09,EXISTING
000990,DB하이텍,2026-02-09,EXISTING
002380,KCC,2026-02-09,EXISTING
011790,SKC,2026-02-09,EXISTING
004020,현대제철,2026-02-09,EXISTING
051900,LG생활건강,2026-02-09,EXISTING
108490,로보티즈,2026-02-09,EXISTING
111770,영원무역,2026-02-09,EXISTING
310210,보로노이,2026-02-09,EXISTING
017800,현대엘리베이터,2026-02-09,EXISTING
018880,한온시스템,2026-02-09,EXISTING
403870,HPSP,2026-02-09,EXISTING
302440,SK바이오사이언스,2026-02-09,EXISTING
035250,강원랜드,2026-02-09,EXISTING
031210,서울보증보험,2026-02-09,EXISTING
036460,한국가스공사,2026-02-09,EXISTING
095340,ISC,2026-02-09,EXISTING
347850,디앤디파마텍,2026-02-09,EXISTING
011780,금호석유화학,2026-02-09,EXISTING
214450,파마리서치,2026-02-09,EXISTING
263750,펄어비스,2026-02-09,EXISTING
103590,일진전기,2026-02-09,EXISTING
489790,한화비전,2026-02-09,EXISTING
004170,신세계,2026-02-09,EXISTING
0009K0,에임드바이오,,
012750,에스원,2026-02-09,EXISTING
004990,롯데지주,2026-02-09,EXISTING
319400,현대무벡스,2026-02-09,EXISTING
014680,한솔케미칼,2026-02-09,EXISTING
357780,솔브레인,2026-02-09,EXISTING
008930,한미사이언스,2026-02-09,EXISTING
097950,CJ제일제당,2026-02-09,EXISTING
237690,에스티팜,2026-02-09,EXISTING
011170,롯데케미칼,2026-02-09,EXISTING
088350,한화생명,2026-02-09,EXISTING
103140,풍산,2026-02-09,EXISTING
068760,셀트리온제약,2026-02-09,EXISTING
457190,이수스페셜티케미컬,2026-02-09,EXISTING
145020,휴젤,2026-02-09,EXISTING
058610,에스피지,2026-02-09,EXISTING
001430,세아베스틸지주,2026-02-09,EXISTING
001720,신영증권,2026-02-09,EXISTING
353200,대덕전자,2026-02-09,EXISTING
139480,이마트,2026-02-09,EXISTING
010060,OCI홀딩스,2026-02-09,EXISTING
009970,영원무역홀딩스,2026-02-09,EXISTING
081660,미스토홀딩스,2026-02-09,EXISTING
139130,iM금융지주,2026-02-09,EXISTING
030530,원익홀딩스,2026-02-09,EXISTING
383220,F&F,2026-02-09,EXISTING
439260,대한조선,2026-02-09,EXISTING
071970,HD현대마린엔진,2026-02-09,EXISTING
023530,롯데쇼핑,2026-02-09,EXISTING
002790,아모레퍼시픽홀딩스,2026-02-09,EXISTING
001450,현대해상,2026-02-09,EXISTING
005290,동진쎄미켐,2026-02-09,EXISTING
257720,실리콘투,2026-02-09,EXISTING
204320,HL만도,2026-02-09,EXISTING
009420,한올바이오파마,2026-02-09,EXISTING
226950,올릭스,2026-02-09,EXISTING
000120,CJ대한통운,2026-02-09,EXISTING
028670,팬오션,2026-02-09,EXISTING
051600,한전KPS,2026-02-09,EXISTING
000240,한국앤컴퍼니,2026-02-09,EXISTING
026960,동서,2026-02-09,EXISTING
041510,에스엠,2026-02-09,EXISTING
004370,농심,2026-02-09,EXISTING
012510,더존비즈온,2026-02-09,EXISTING
035900,JYP Ent.,2026-02-09,EXISTING
004800,효성,2026-02-09,EXISTING
005850,에스엘,2026-02-09,EXISTING
064760,티씨케이,2026-02-09,EXISTING
003690,코리안리,2026-02-09,EXISTING
030000,제일기획,2026-02-09,EXISTING
036930,주성엔지니어링,2026-02-09,EXISTING
440110,파두,2026-02-09,EXISTING
084370,유진테크,2026-02-09,EXISTING
047040,대우건설,2026-02-09,EXISTING
083650,비에이치아이,2026-02-09,EXISTING
323280,태성,2026-02-09,EXISTING
020150,롯데에너지머티리얼즈,2026-02-09,EXISTING
192820,코스맥스,2026-02-09,EXISTING
336260,두산퓨얼셀,2026-02-09,EXISTING
475830,오름테라퓨틱,2026-02-09,EXISTING
098460,고영,2026-02-09,EXISTING
067310,하나마이크론,2026-02-09,EXISTING
00680K,미래에셋증권2우B,,
023590,다우기술,2026-02-09,EXISTING
069960,현대백화점,2026-02-09,EXISTING
011210,현대위아,2026-02-09,EXISTING
099320,쎄트렉아이,2026-02-09,EXISTING
290650,엘앤씨바이오,2026-02-09,EXISTING
097230,HJ중공업,2026-02-09,EXISTING
483650,달바글로벌,2026-02-09,EXISTING
282330,BGF리테일,2026-02-09,EXISTING
032350,롯데관광개발,2026-02-09,EXISTING
160190,하이젠알앤엠,2026-02-09,EXISTING
361610,SK아이이테크놀로지,2026-02-09,EXISTING
018670,SK가스,2026-02-09,EXISTING
445680,큐리옥스바이오시스템즈,2026-02-09,EXISTING
178320,서진시스템,2026-02-09,EXISTING
065350,신성델타테크,2026-02-09,EXISTING
222800,심텍,2026-02-09,EXISTING
101490,에스앤에스텍,2026-02-09,EXISTING
458870,씨어스테크놀로지,2026-02-09,EXISTING
006280,녹십자,2026-02-09,EXISTING
073240,금호타이어,2026-02-09,EXISTING
491000,리브스메드,,
462870,시프트업,2026-02-09,EXISTING
043260,성호전자,2026-02-09,EXISTING
008770,호텔신라,2026-02-09,EXISTING
069620,대웅제약,2026-02-09,EXISTING
034230,파라다이스,2026-02-09,EXISTING
039200,오스코텍,2026-02-09,EXISTING
000155,두산우,2026-02-09,EXISTING
006040,동원산업,2026-02-09,EXISTING
003380,하림지주,2026-02-09,EXISTING
375500,DL이앤씨,2026-02-09,EXISTING
476830,알지노믹스,,
017960,한국카본,2026-02-09,EXISTING
112610,씨에스윈드,2026-02-09,EXISTING
038500,삼표시멘트,2026-02-09,EXISTING
140860,파크시스템스,2026-02-09,EXISTING
082270,젬백스,2026-02-09,EXISTING
348370,엔켐,2026-02-09,EXISTING
437730,삼현,2026-02-09,EXISTING
232140,와이씨,2026-02-09,EXISTING
347700,스피어,2026-02-09,EXISTING
007070,GS리테일,2026-02-09,EXISTING
005070,코스모신소재,2026-02-09,EXISTING
006360,GS건설,2026-02-09,EXISTING
120110,코오롱인더,2026-02-09,EXISTING
161890,한국콜마,2026-02-09,EXISTING
298020,효성티앤씨,2026-02-09,EXISTING
089030,테크윙,2026-02-09,EXISTING
319660,피에스케이,2026-02-09,EXISTING
085660,차바이오텍,2026-02-09,EXISTING
466100,클로봇,2026-02-09,EXISTING
090710,휴림로봇,2026-02-09,EXISTING
395400,SK리츠,2026-02-09,EXISTING
001120,LX인터내셔널,2026-02-09,EXISTING
003570,SNT다이내믹스,2026-02-09,EXISTING
007340,DN오토모티브,2026-02-09,EXISTING
005440,현대지에프홀딩스,2026-02-09,EXISTING
080220,제주반도체,2026-02-09,EXISTING
035760,CJ ENM,2026-02-09,EXISTING
003540,대신증권,2026-02-09,EXISTING
031980,피에스케이홀딩스,,
032820,우리기술,2026-02-09,EXISTING
281740,레이크머티리얼즈,2026-02-09,EXISTING
020560,아시아나항공,2026-02-09,EXISTING
007310,오뚜기,2026-02-09,EXISTING
195940,HK이노엔,2026-02-09,EXISTING
085620,미래에셋생명,2026-02-09,EXISTING
060370,LS마린솔루션,2026-02-09,EXISTING
007390,네이처셀,2026-02-09,EXISTING
003090,대웅,2026-02-09,EXISTING
000500,가온전선,2026-02-09,EXISTING
294870,HDC현대산업개발,2026-02-09,EXISTING
056080,유진로봇,2026-02-09,EXISTING
456160,지투지바이오,2026-02-09,EXISTING
253450,스튜디오드래곤,2026-02-09,EXISTING
293490,카카오게임즈,2026-02-09,EXISTING
078600,대주전자재료,2026-02-09,EXISTING
096530,씨젠,2026-02-09,EXISTING
001800,오리온홀딩스,2026-02-09,EXISTING
122870,와이지엔터테인먼트,2026-02-09,EXISTING
204270,제이앤티씨,2026-02-09,EXISTING
397030,에이프릴바이오,2026-02-09,EXISTING
388720,유일로보틱스,2026-02-09,EXISTING
189300,인텔리안테크,2026-02-09,EXISTING
030610,교보증권,2026-02-09,EXISTING
095610,테스,2026-02-09,EXISTING
003530,한화투자증권,2026-02-09,EXISTING
007810,코리아써키트,2026-02-09,EXISTING
100790,미래에셋벤처투자,2026-02-09,EXISTING
005300,롯데칠성,2026-02-09,EXISTING
300720,한일시멘트,2026-02-09,EXISTING
229640,LS에코에너지,2026-02-09,EXISTING
218410,RFHIC,2026-02-09,EXISTING
071320,지역난방공사,2026-02-09,EXISTING
115180,큐리언트,2026-02-09,EXISTING
330590,롯데리츠,2026-02-09,EXISTING
137400,피엔티,2026-02-09,EXISTING
077970,STX엔진,2026-02-09,EXISTING
161580,필옵틱스,2026-02-09,EXISTING
166090,하나머티리얼즈,2026-02-09,EXISTING
328130,루닛,2026-02-09,EXISTING
388210,씨엠티엑스,,
000080,하이트진로,2026-02-09,EXISTING
131970,두산테스나,2026-02-09,EXISTING
000815,삼성화재우,2026-02-09,EXISTING
174900,앱클론,2026-02-09,EXISTING
036540,SFA반도체,2026-02-09,EXISTING
185750,종근당,2026-02-09,EXISTING
499790,GS피앤엘,2026-02-09,EXISTING
415640,KB발해인프라,2026-02-09,EXISTING
004000,롯데정밀화학,2026-02-09,EXISTING
183300,코미코,2026-02-09,EXISTING
051915,LG화학우,2026-02-09,EXISTING
192080,더블유게임즈,2026-02-09,EXISTING
012630,HDC,2026-02-09,EXISTING
484870,엠앤씨솔루션,2026-02-09,EXISTING
089860,롯데렌탈,2026-02-09,EXISTING
082640,동양생명,2026-02-09,EXISTING
001740,SK네트웍스,2026-02-09,EXISTING
056190,에스에프에이,2026-02-09,EXISTING
006730,서부T&D,2026-02-09,EXISTING
249420,일동제약,2026-02-09,EXISTING
036830,솔브레인홀딩스,,
298050,HS효성첨단소재,2026-02-09,EXISTING
348340,뉴로메카,2026-02-09,EXISTING
280360,롯데웰푸드,2026-02-09,EXISTING
032190,다우데이타,2026-02-09,EXISTING
124500,아이티센글로벌,2026-02-09,EXISTING
285130,SK케미칼,2026-02-09,EXISTING
195870,해성디에스,2026-02-09,EXISTING
100090,SK오션플랜트,2026-02-09,EXISTING
213420,덕산네오룩스,2026-02-09,EXISTING
241710,코스메카코리아,2026-02-09,EXISTING
365550,ESR켄달스퀘어리츠,2026-02-09,EXISTING
137310,에스디바이오센서,2026-02-09,EXISTING
181710,NHN,2026-02-09,EXISTING
003240,태광산업,2026-02-09,EXISTING
295310,에이치브이엠,2026-02-09,EXISTING
009240,한샘,2026-02-09,EXISTING
003160,디아이,2026-02-09,EXISTING
417200,LS머트리얼즈,2026-02-09,EXISTING
000670,영풍,2026-02-09,EXISTING
281820,케이씨텍,2026-02-09,EXISTING
075580,세진중공업,2026-02-09,EXISTING
192400,쿠쿠홀딩스,2026-02-09,EXISTING
376300,디어유,2026-02-09,EXISTING
112040,위메이드,2026-02-09,EXISTING
222080,씨아이에스,2026-02-09,EXISTING
079160,CJ CGV,2026-02-09,EXISTING
033100,제룡전기,2026-02-09,EXISTING
131290,티에스이,2026-02-09,EXISTING
048410,현대바이오,2026-02-09,EXISTING
006120,SK디스커버리,2026-02-09,EXISTING
082920,비츠로셀,2026-02-09,EXISTING
036810,에프에스티,2026-02-09,EXISTING
358570,지아이이노베이션,2026-02-09,EXISTING
030190,NICE평가정보,2026-02-09,EXISTING
171090,선익시스템,2026-02-09,EXISTING
322000,HD현대에너지솔루션,2026-02-09,EXISTING
490470,세미파이브,,
086900,메디톡스,2026-02-09,EXISTING
036530,SNT홀딩스,2026-02-09,EXISTING
078160,메디포스트,2026-02-09,EXISTING
006650,대한유화,2026-02-09,EXISTING
127120,제이에스링크,2026-02-09,EXISTING
000210,DL,2026-02-09,EXISTING
052400,코나아이,2026-02-09,EXISTING
100840,SNT에너지,2026-02-09,EXISTING
317450,명인제약,,
060250,NHN KCP,2026-02-09,EXISTING
00088K,한화3우B,,
064960,SNT모티브,2026-02-09,EXISTING
121600,나노신소재,2026-02-09,EXISTING
389470,인벤티지랩,2026-02-09,EXISTING
004490,세방전지,2026-02-09,EXISTING
002350,넥센타이어,2026-02-09,EXISTING
108320,LX세미콘,2026-02-09,EXISTING
093370,후성,2026-02-09,EXISTING
010780,아이에스동서,2026-02-09,EXISTING
005690,파미셀,2026-02-09,EXISTING
214430,아이쓰리시스템,2026-02-09,EXISTING
003470,유안타증권,2026-02-09,EXISTING
009450,경동나비엔,2026-02-09,EXISTING
071055,한국금융지주우,2026-02-09,EXISTING
033500,동성화인텍,2026-02-09,EXISTING
348210,넥스틴,2026-02-09,EXISTING
069260,TKG휴켐스,2026-02-09,EXISTING
042000,카페24,2026-02-09,EXISTING
066575,LG전자우,2026-02-09,EXISTING
014620,성광벤드,2026-02-09,EXISTING
014820,동원시스템즈,2026-02-09,EXISTING
102940,코오롱생명과학,2026-02-09,EXISTING
376900,로킷헬스케어,2026-02-09,EXISTING
033240,자화전자,2026-02-09,EXISTING
451800,한화리츠,2026-02-09,EXISTING
272290,이녹스첨단소재,2026-02-09,EXISTING
102710,이엔에프테크놀로지,2026-02-09,EXISTING
009520,포스코엠텍,2026-02-09,EXISTING
002020,코오롱,2026-02-09,EXISTING
468530,프로티나,2026-02-09,EXISTING
420770,기가비스,2026-02-09,EXISTING
225570,넥슨게임즈,2026-02-09,EXISTING
079900,전진건설로봇,2026-02-09,EXISTING
399720,가온칩스,2026-02-09,EXISTING
486990,노타,,
114090,GKL,2026-02-09,EXISTING
248070,솔루엠,2026-02-09,EXISTING
086450,동국제약,2026-02-09,EXISTING
003850,보령,2026-02-09,EXISTING
060280,큐렉소,2026-02-09,EXISTING
067160,SOOP,2026-02-09,EXISTING
025980,아난티,2026-02-09,EXISTING
007700,F&F홀딩스,2026-02-09,EXISTING
003620,KG모빌리티,2026-02-09,EXISTING
074600,원익QnC,2026-02-09,EXISTING
126340,비나텍,2026-02-09,EXISTING
214320,이노션,2026-02-09,EXISTING
032500,케이엠더블유,2026-02-09,EXISTING
475960,토모큐브,2026-02-09,EXISTING
383310,에코프로에이치엔,2026-02-09,EXISTING
001680,대상,2026-02-09,EXISTING
476060,온코닉테라퓨틱스,2026-02-09,EXISTING
023160,태광,2026-02-09,EXISTING
365340,성일하이텍,2026-02-09,EXISTING
090360,로보스타,2026-02-09,EXISTING
253590,네오셈,2026-02-09,EXISTING
089970,브이엠,2026-02-09,EXISTING
475150,SK이터닉스,2026-02-09,EXISTING
251970,펌텍코리아,2026-02-09,EXISTING
005180,빙그레,2026-02-09,EXISTING
001060,JW중외제약,2026-02-09,EXISTING
00104K,CJ4우(전환),,
001270,부국증권,2026-02-09,EXISTING
025540,한국단자,2026-02-09,EXISTING
039130,하나투어,2026-02-09,EXISTING
000370,한화손해보험,2026-02-09,EXISTING
336570,원텍,2026-02-09,EXISTING
381970,케이카,2026-02-09,EXISTING
125490,한라캐스트,2026-02-09,EXISTING
018290,브이티,2026-02-09,EXISTING
005250,녹십자홀딩스,2026-02-09,EXISTING
287840,인투셀,2026-02-09,EXISTING
950210,프레스티지바이오파마,2026-02-09,EXISTING
0001A0,덕양에너젠,,
017940,E1,2026-02-09,EXISTING
372320,큐로셀,2026-02-09,EXISTING
456040,OCI,2026-02-09,EXISTING
268280,미원에스씨,2026-02-09,EXISTING
0120G0,삼양바이오팜,,
053800,안랩,2026-02-09,EXISTING
057050,현대홈쇼핑,2026-02-09,EXISTING
008730,율촌화학,2026-02-09,EXISTING
293940,신한알파리츠,2026-02-09,EXISTING
000640,동아쏘시오홀딩스,2026-02-09,EXISTING
002840,미원상사,2026-02-09,EXISTING
064260,다날,2026-02-09,EXISTING
211050,인카금융서비스,2026-02-09,EXISTING
005880,대한해운,2026-02-09,EXISTING
488900,비츠로넥스텍,,
058650,세아홀딩스,2026-02-09,EXISTING
019170,신풍제약,2026-02-09,EXISTING
090460,비에이치,2026-02-09,EXISTING
041190,우리기술투자,2026-02-09,EXISTING
084110,휴온스글로벌,2026-02-09,EXISTING
318060,그래피,2026-02-09,EXISTING
025320,시노펙스,2026-02-09,EXISTING
424870,이뮨온시아,2026-02-09,EXISTING
383800,LX홀딩스,2026-02-09,EXISTING
005420,코스모화학,2026-02-09,EXISTING
252990,샘씨엔에스,2026-02-09,EXISTING
478340,나라스페이스테크놀로지,,
278280,천보,2026-02-09,EXISTING
094170,동운아나텍,2026-02-09,EXISTING
376270,HEM파마,2026-02-09,EXISTING
119850,지엔씨에너지,2026-02-09,EXISTING
001570,금양,2026-02-09,EXISTING
336370,솔루스첨단소재,2026-02-09,EXISTING
095660,네오위즈,2026-02-09,EXISTING
044490,태웅,2026-02-09,EXISTING
006380,카프로,2026-02-09,EXISTING
002240,고려제강,2026-02-09,EXISTING
059090,미코,2026-02-09,EXISTING
042520,한스바이오메드,2026-02-09,EXISTING
015750,성우하이텍,2026-02-09,EXISTING
389650,넥스트바이오메디컬,2026-02-09,EXISTING
178920,PI첨단소재,2026-02-09,EXISTING
003545,대신증권우,2026-02-09,EXISTING
036620,감성코퍼레이션,2026-02-09,EXISTING
093320,케이아이엔엑스,2026-02-09,EXISTING
027360,아주IB투자,2026-02-09,EXISTING
006220,제주은행,2026-02-09,EXISTING
093050,LF,2026-02-09,EXISTING
029530,신도리코,2026-02-09,EXISTING
356860,티엘비,2026-02-09,EXISTING
003030,세아제강지주,2026-02-09,EXISTING
090435,아모레퍼시픽우,2026-02-09,EXISTING
002030,아세아,2026-02-09,EXISTING
053610,프로텍,2026-02-09,EXISTING
460930,현대힘스,2026-02-09,EXISTING
079370,제우스,2026-02-09,EXISTING
004690,삼천리,2026-02-09,EXISTING
001500,현대차증권,2026-02-09,EXISTING
377740,바이오노트,2026-02-09,EXISTING
005810,풍산홀딩스,2026-02-09,EXISTING
002960,한국쉘석유,2026-02-09,EXISTING
041960,코미팜,2026-02-09,EXISTING
052020,에스티큐브,2026-02-09,EXISTING
101730,위메이드맥스,2026-02-09,EXISTING
089010,켐트로닉스,2026-02-09,EXISTING
050890,쏠리드,2026-02-09,EXISTING
039440,에스티아이,2026-02-09,EXISTING
228760,지노믹트리,2026-02-09,EXISTING
030520,한글과컴퓨터,2026-02-09,EXISTING
005389,현대차3우B,2026-02-09,EXISTING
016380,KG스틸,2026-02-09,EXISTING
130660,한전산업,2026-02-09,EXISTING
192650,드림텍,2026-02-09,EXISTING
014830,유니드,2026-02-09,EXISTING
016610,DB증권,2026-02-09,EXISTING
104830,원익머트리얼즈,2026-02-09,EXISTING
284740,쿠쿠홈시스,2026-02-09,EXISTING
145720,덴티움,2026-02-09,EXISTING
094800,맵스리얼티,2026-02-09,EXISTING
083450,GST,2026-02-09,EXISTING
200710,에이디테크놀로지,2026-02-09,EXISTING
047920,HLB제약,2026-02-09,EXISTING
117730,티로보틱스,2026-02-09,EXISTING
000400,롯데손해보험,2026-02-09,EXISTING
450950,아스테라시스,2026-02-09,EXISTING
025900,동화기업,2026-02-09,EXISTING
455900,엔젤로보틱스,2026-02-09,EXISTING
215600,신라젠,2026-02-09,EXISTING
368770,파이버프로,2026-02-09,EXISTING
220100,퓨쳐켐,2026-02-09,EXISTING
069080,웹젠,2026-02-09,EXISTING
099190,아이센스,2026-02-09,EXISTING
105840,우진,2026-02-09,EXISTING
097520,엠씨넥스,2026-02-09,EXISTING
045100,한양이엔지,2026-02-09,EXISTING
170900,동아에스티,2026-02-09,EXISTING
425420,티에프이,2026-02-09,EXISTING
105630,한세실업,2026-02-09,EXISTING
122640,예스티,2026-02-09,EXISTING
016590,신대양제지,2026-02-09,EXISTING
453340,현대그린푸드,2026-02-09,EXISTING
041920,메디아나,2026-02-09,EXISTING
271940,일진하이솔루스,2026-02-09,EXISTING
161000,애경케미칼,2026-02-09,EXISTING
145990,삼양사,2026-02-09,EXISTING
058970,엠로,2026-02-09,EXISTING
011930,신성이엔지,2026-02-09,EXISTING
206650,유바이오로직스,2026-02-09,EXISTING
049630,재영솔루텍,2026-02-09,EXISTING
077360,덕산하이메탈,2026-02-09,EXISTING
034310,NICE,2026-02-09,EXISTING
199800,툴젠,2026-02-09,EXISTING
017810,풀무원,2026-02-09,EXISTING
067630,HLB생명과학,2026-02-09,EXISTING
352480,씨앤씨인터내셔널,2026-02-09,EXISTING
003300,한일홀딩스,2026-02-09,EXISTING
230360,에코마케팅,2026-02-09,EXISTING
089590,제주항공,2026-02-09,EXISTING
053030,바이넥스,2026-02-09,EXISTING
494120,큐리오시스,,
009900,명신산업,2026-02-09,EXISTING
016800,퍼시스,2026-02-09,EXISTING
0015G0,그린광학,,
091810,티웨이항공,2026-02-09,EXISTING
000070,삼양홀딩스,2026-02-09,EXISTING
031330,에스에이엠티,2026-02-09,EXISTING
183190,아세아시멘트,2026-02-09,EXISTING
009410,태영건설,2026-02-09,EXISTING
004700,조광피혁,2026-02-09,EXISTING
194480,데브시스터즈,2026-02-09,EXISTING
026890,스틱인베스트먼트,2026-02-09,EXISTING
215200,메가스터디교육,2026-02-09,EXISTING
484590,삼양컴텍,2026-02-09,EXISTING
024850,HLB이노베이션,2026-02-09,EXISTING
041830,인바디,2026-02-09,EXISTING
107640,한중엔시에스,2026-02-09,EXISTING
037270,YG PLUS,2026-02-09,EXISTING
084010,대한제강,2026-02-09,EXISTING
448730,삼성FN리츠,2026-02-09,EXISTING
475400,씨메스,2026-02-09,EXISTING
179900,유티아이,2026-02-09,EXISTING
200670,휴메딕스,2026-02-09,EXISTING
348950,제이알글로벌리츠,2026-02-09,EXISTING
101160,월덱스,2026-02-09,EXISTING
078350,한양디지텍,2026-02-09,EXISTING
015360,INVENI,2026-02-09,EXISTING
448900,한국피아이엠,2026-02-09,EXISTING
086390,유니테스트,2026-02-09,EXISTING
138490,코오롱ENP,2026-02-09,EXISTING
482630,삼양엔씨켐,2026-02-09,EXISTING
357120,코람코라이프인프라리츠,2026-02-09,EXISTING
002710,TCC스틸,2026-02-09,EXISTING
314930,바이오다인,2026-02-09,EXISTING
354320,알멕,2026-02-09,EXISTING
006110,삼아알미늄,2026-02-09,EXISTING
034950,한국기업평가,2026-02-09,EXISTING
005610,SPC삼립,2026-02-09,EXISTING
033640,네패스,2026-02-09,EXISTING
344820,KCC글라스,2026-02-09,EXISTING
029460,케이씨,2026-02-09,EXISTING
298830,슈어소프트테크,2026-02-09,EXISTING
168360,펨트론,2026-02-09,EXISTING
046890,서울반도체,2026-02-09,EXISTING
340570,티앤엘,2026-02-09,EXISTING
079940,가비아,2026-02-09,EXISTING
394800,쓰리빌리언,2026-02-09,EXISTING
005945,NH투자증권우,2026-02-09,EXISTING
000650,천일고속,2026-02-09,EXISTING
001510,SK증권,2026-02-09,EXISTING
072710,농심홀딩스,2026-02-09,EXISTING
094480,갤럭시아머니트리,2026-02-09,EXISTING
462350,이노스페이스,2026-02-09,EXISTING
110990,디아이티,2026-02-09,EXISTING
078340,컴투스,2026-02-09,EXISTING
005090,SGC에너지,2026-02-09,EXISTING
094360,칩스앤미디어,2026-02-09,EXISTING
474650,링크솔루션,2026-02-09,EXISTING
003000,부광약품,2026-02-09,EXISTING
010170,대한광통신,2026-02-09,EXISTING
114190,강원에너지,2026-02-09,EXISTING
394280,오픈엣지테크놀로지,2026-02-09,EXISTING
441270,파인엠텍,2026-02-09,EXISTING
460860,동국제강,2026-02-09,EXISTING
200130,콜마비앤에이치,2026-02-09,EXISTING
060720,KH바텍,2026-02-09,EXISTING
060980,HL홀딩스,2026-02-09,EXISTING
309710,아이티켐,2026-02-09,EXISTING
031430,신세계인터내셔날,2026-02-09,EXISTING
234340,헥토파이낸셜,2026-02-09,EXISTING
001530,DI동일,2026-02-09,EXISTING
033790,피노,2026-02-09,EXISTING
304360,에스바이오메딕스,2026-02-09,EXISTING
098070,한텍,2026-02-09,EXISTING
200880,서연이화,2026-02-09,EXISTING
020000,한섬,2026-02-09,EXISTING
099440,스맥,2026-02-09,EXISTING
051500,CJ프레시웨이,2026-02-09,EXISTING
001200,유진투자증권,2026-02-09,EXISTING
006910,보성파워텍,2026-02-09,EXISTING
452260,한화갤러리아,2026-02-09,EXISTING
003280,흥아해운,2026-02-09,EXISTING
001390,KG케미칼,2026-02-09,EXISTING
011500,한농화성,2026-02-09,EXISTING
144510,지씨셀,2026-02-09,EXISTING
317330,덕산테코피아,2026-02-09,EXISTING
092200,디아이씨,2026-02-09,EXISTING
389500,에스비비테크,2026-02-09,EXISTING
180400,DXVX,2026-02-09,EXISTING
003800,에이스침대,2026-02-09,EXISTING
114810,한솔아이원스,2026-02-09,EXISTING
078130,국일제지,2026-02-09,EXISTING
089890,코세스,2026-02-09,EXISTING
027410,BGF,2026-02-09,EXISTING
091700,파트론,2026-02-09,EXISTING
013030,하이록코리아,2026-02-09,EXISTING
065660,안트로젠,2026-02-09,EXISTING
403550,쏘카,2026-02-09,EXISTING
126560,현대퓨처넷,2026-02-09,EXISTING
128820,대성산업,2026-02-09,EXISTING
474170,루미르,2026-02-09,EXISTING
459510,나우로보틱스,2026-02-09,EXISTING
126720,수산인더스트리,2026-02-09,EXISTING
194370,제이에스코퍼레이션,2026-02-09,EXISTING
101930,인화정공,2026-02-09,EXISTING
004310,현대약품,2026-02-09,EXISTING
101360,에코앤드림,2026-02-09,EXISTING
015860,일진홀딩스,2026-02-09,EXISTING
008060,대덕,2026-02-09,EXISTING
419530,SAMG엔터,2026-02-09,EXISTING
035890,서희건설,2026-02-09,EXISTING
272450,진에어,2026-02-09,EXISTING
095500,미래나노텍,2026-02-09,EXISTING
204620,글로벌텍스프리,2026-02-09,EXISTING
000157,두산2우B,2026-02-09,EXISTING
092870,엑시콘,2026-02-09,EXISTING
265520,AP시스템,2026-02-09,EXISTING
217590,티엠씨,,
389260,대명에너지,2026-02-09,EXISTING
005720,넥센,2026-02-09,EXISTING
002310,아세아제지,2026-02-09,EXISTING
009470,삼화전기,2026-02-09,EXISTING
138610,나이벡,2026-02-09,EXISTING
084690,대상홀딩스,2026-02-09,EXISTING
215000,골프존,2026-02-09,EXISTING
416180,신성에스티,2026-02-09,EXISTING
432320,KB스타리츠,2026-02-09,EXISTING
009155,삼성전기우,2026-02-09,EXISTING
014940,오리엔탈정공,2026-02-09,EXISTING
274090,켄코아에어로스페이스,2026-02-09,EXISTING
018250,애경산업,2026-02-09,EXISTING
025860,남해화학,2026-02-09,EXISTING
216080,제테마,2026-02-09,EXISTING
481070,에이유브랜즈,2026-02-09,EXISTING
475560,더본코리아,2026-02-09,EXISTING
417310,코람코더원리츠,2026-02-09,EXISTING
445090,에이직랜드,2026-02-09,EXISTING
049070,인탑스,2026-02-09,EXISTING
037460,삼지전자,2026-02-09,EXISTING
378340,필에너지,2026-02-09,EXISTING
199430,케이엔알시스템,2026-02-09,EXISTING
140670,알에스오토메이션,2026-02-09,EXISTING
306200,세아제강,2026-02-09,EXISTING
024720,콜마홀딩스,2026-02-09,EXISTING
308430,셀비온,2026-02-09,EXISTING
007690,국도화학,2026-02-09,EXISTING
472850,폰드그룹,2026-02-09,EXISTING
304100,솔트룩스,2026-02-09,EXISTING
001820,삼화콘덴서,2026-02-09,EXISTING
035810,이지홀딩스,2026-02-09,EXISTING
294570,쿠콘,2026-02-09,EXISTING
338840,와이바이오로직스,2026-02-09,EXISTING
036890,진성티이씨,2026-02-09,EXISTING
327260,RF머트리얼즈,2026-02-09,EXISTING
462860,더즌,2026-02-09,EXISTING
003520,영진약품,2026-02-09,EXISTING
009160,SIMPAC,2026-02-09,EXISTING
003960,사조대림,2026-02-09,EXISTING
451760,컨텍,2026-02-09,EXISTING
093520,매커스,2026-02-09,EXISTING
034120,SBS,2026-02-09,EXISTING
104700,한국철강,2026-02-09,EXISTING
286940,롯데이노베이트,2026-02-09,EXISTING
012030,DB,2026-02-09,EXISTING
064820,케이프,2026-02-09,EXISTING
080580,오킨스전자,2026-02-09,EXISTING
017860,DS단석,2026-02-09,EXISTING
136480,하림,2026-02-09,EXISTING
464080,에스오에스랩,2026-02-09,EXISTING
108860,셀바스AI,2026-02-09,EXISTING
064550,바이오니아,2026-02-09,EXISTING
236200,슈프리마,2026-02-09,EXISTING
036200,유니셈,2026-02-09,EXISTING
190510,나무가,2026-02-09,EXISTING
078020,LS증권,2026-02-09,EXISTING
255220,SG,2026-02-09,EXISTING
496320,본시스템즈,,
371950,풍원정밀,2026-02-09,EXISTING
001940,KISCO홀딩스,2026-02-09,EXISTING
357550,석경에이티,2026-02-09,EXISTING
270660,에브리봇,2026-02-09,EXISTING
006405,삼성SDI우,2026-02-09,EXISTING
243070,휴온스,2026-02-09,EXISTING
241590,화승엔터프라이즈,2026-02-09,EXISTING
092730,네오팜,2026-02-09,EXISTING
011760,현대코퍼레이션,2026-02-09,EXISTING
099430,바이오플러스,2026-02-09,EXISTING
012210,삼미금속,2026-02-09,EXISTING
002810,삼영무역,2026-02-09,EXISTING
000490,대동,2026-02-09,EXISTING
156100,엘앤케이바이오,2026-02-09,EXISTING
092230,KPX홀딩스,2026-02-09,EXISTING
123890,한국자산신탁,2026-02-09,EXISTING
214180,헥토이노베이션,2026-02-09,EXISTING
017390,서울가스,2026-02-09,EXISTING
023410,유진기업,2026-02-09,EXISTING
003200,일신방직,2026-02-09,EXISTING
007160,사조산업,2026-02-09,EXISTING
019210,와이지-원,2026-02-09,EXISTING
256840,한국비엔씨,2026-02-09,EXISTING
403850,더핑크퐁컴퍼니,,
452430,사피엔반도체,2026-02-09,EXISTING
000320,노루홀딩스,2026-02-09,EXISTING
900290,GRT,2026-02-09,EXISTING
034830,한국토지신탁,2026-02-09,EXISTING
950250,테라뷰,,
045390,대아티아이,2026-02-09,EXISTING
380550,뉴로핏,2026-02-09,EXISTING
035600,KG이니시스,2026-02-09,EXISTING
010690,화신,2026-02-09,EXISTING
033270,유나이티드제약,2026-02-09,EXISTING
002320,한진,2026-02-09,EXISTING
489500,엘케이켐,2026-02-09,EXISTING
084990,헬릭스미스,2026-02-09,EXISTING
211270,AP위성,2026-02-09,EXISTING
078520,에이블씨엔씨,2026-02-09,EXISTING
054950,제이브이엠,2026-02-09,EXISTING
170920,엘티씨,2026-02-09,EXISTING
203400,에이비온,2026-02-09,EXISTING
051370,인터플렉스,2026-02-09,EXISTING
058820,CMG제약,2026-02-09,EXISTING
065680,우주일렉트로,2026-02-09,EXISTING
151860,KG에코솔루션,2026-02-09,EXISTING
393890,더블유씨피,2026-02-09,EXISTING
448280,에코아이,2026-02-09,EXISTING
0008Z0,에스엔시스,,
009290,광동제약,2026-02-09,EXISTING
244920,에이플러스에셋,2026-02-09,EXISTING
043150,바텍,2026-02-09,EXISTING
272110,케이엔제이,2026-02-09,EXISTING
018310,삼목에스폼,2026-02-09,EXISTING
206640,바디텍메드,2026-02-09,EXISTING
003120,일성아이에스,2026-02-09,EXISTING
002900,TYM,2026-02-09,EXISTING
025770,한국정보통신,2026-02-09,EXISTING
096760,JW홀딩스,2026-02-09,EXISTING
136490,선진,2026-02-09,EXISTING
001460,BYC,2026-02-09,EXISTING
484810,티엑스알로보틱스,2026-02-09,EXISTING
033530,SJG세종,2026-02-09,EXISTING
003920,남양유업,2026-02-09,EXISTING
088260,이리츠코크렙,2026-02-09,EXISTING
418550,제이오,2026-02-09,EXISTING
200470,에이팩트,2026-02-09,EXISTING
0007C0,아크릴,,
001340,PKC,2026-02-09,EXISTING
004360,세방,2026-02-09,EXISTING
009680,모토닉,2026-02-09,EXISTING
334890,이지스밸류플러스리츠,2026-02-09,EXISTING
176750,듀켐바이오,2026-02-09,EXISTING
377190,디앤디플랫폼리츠,2026-02-09,EXISTING
006340,대원전선,2026-02-09,EXISTING
092790,넥스틸,2026-02-09,EXISTING
000050,경방,2026-02-09,EXISTING
267980,매일유업,2026-02-09,EXISTING
126700,하이비젼시스템,2026-02-09,EXISTING
080160,모두투어,2026-02-09,EXISTING
067080,대화제약,2026-02-09,EXISTING
053300,한국정보인증,2026-02-09,EXISTING
900140,엘브이엠씨홀딩스,2026-02-09,EXISTING
089980,상아프론테크,2026-02-09,EXISTING
417010,나노팀,2026-02-09,EXISTING
382900,범한퓨얼셀,2026-02-09,EXISTING
194700,노바렉스,2026-02-09,EXISTING
402030,코난테크놀로지,2026-02-09,EXISTING
285490,노바텍,2026-02-09,EXISTING
290740,액트로,2026-02-09,EXISTING
006805,미래에셋증권우,2026-02-09,EXISTING
389020,자람테크놀로지,2026-02-09,EXISTING
332570,PS일렉트로닉스,2026-02-09,EXISTING
144960,뉴파워프라즈마,2026-02-09,EXISTING
372170,윤성에프앤씨,2026-02-09,EXISTING
950170,JTC,2026-02-09,EXISTING
338220,뷰노,2026-02-09,EXISTING
067390,아스트,2026-02-09,EXISTING
054210,이랜텍,2026-02-09,EXISTING
013120,동원개발,2026-02-09,EXISTING
001750,한양증권,2026-02-09,EXISTING
023760,한국캐피탈,2026-02-09,EXISTING
035150,백산,2026-02-09,EXISTING
02826K,삼성물산우B,,
000680,LS네트웍스,2026-02-09,EXISTING
108670,LX하우시스,2026-02-09,EXISTING
108380,대양전기공업,2026-02-09,EXISTING
034810,해성산업,2026-02-09,EXISTING
330860,네패스아크,2026-02-09,EXISTING
254490,미래반도체,2026-02-09,EXISTING
037710,광주신세계,2026-02-09,EXISTING
0030R0,대신밸류리츠,,
473980,노머스,2026-02-09,EXISTING
013890,지누스,2026-02-09,EXISTING
114840,아이패밀리에스씨,2026-02-09,EXISTING
042370,비츠로테크,2026-02-09,EXISTING
065710,서호전기,2026-02-09,EXISTING
008490,서흥,2026-02-09,EXISTING
484120,도우인시스,2026-02-09,EXISTING
051980,중앙첨단소재,2026-02-09,EXISTING
061090,세나테크놀로지,,
005710,대원산업,2026-02-09,EXISTING
122900,아이마켓코리아,2026-02-09,EXISTING
039840,디오,2026-02-09,EXISTING
182400,엔케이맥스,2026-02-09,EXISTING
314130,지놈앤컴퍼니,2026-02-09,EXISTING
083310,엘오티베큠,2026-02-09,EXISTING
012860,모베이스전자,2026-02-09,EXISTING
073490,이노와이어리스,2026-02-09,EXISTING
260870,SK시그넷,2026-02-09,EXISTING
365270,큐라클,2026-02-09,EXISTING
003220,대원제약,2026-02-09,EXISTING
033920,무학,2026-02-09,EXISTING
000390,삼화페인트,2026-02-09,EXISTING
126600,BGF에코머티리얼즈,2026-02-09,EXISTING
092460,한라IMS,2026-02-09,EXISTING
115310,인포바인,2026-02-09,EXISTING
226320,잇츠한불,2026-02-09,EXISTING
043370,피에이치에이,2026-02-09,EXISTING
241770,메카로,2026-02-09,EXISTING
121800,비덴트,2026-02-09,EXISTING
005500,삼진제약,2026-02-09,EXISTING
002230,피에스텍,2026-02-09,EXISTING
322310,오로스테크놀로지,2026-02-09,EXISTING
361390,제노코,2026-02-09,EXISTING
094820,일진파워,2026-02-09,EXISTING
377460,위니아에이드,2026-02-09,EXISTING
001790,대한제당,2026-02-09,EXISTING
061970,LB세미콘,2026-02-09,EXISTING
457550,우진엔텍,2026-02-09,EXISTING
011690,와이투솔루션,2026-02-09,EXISTING
001630,종근당홀딩스,2026-02-09,EXISTING
452450,피아이이,2026-02-09,EXISTING
004980,성신양회,2026-02-09,EXISTING
058430,포스코스틸리온,2026-02-09,EXISTING
950140,잉글우드랩,2026-02-09,EXISTING
001130,대한제분,2026-02-09,EXISTING
007570,일양약품,2026-02-09,EXISTING
079960,동양이엔피,2026-02-09,EXISTING
018000,유니슨,2026-02-09,EXISTING
299030,하나기술,2026-02-09,EXISTING
000430,대원강업,2026-02-09,EXISTING
237880,클리오,2026-02-09,EXISTING
456010,아이씨티케이,2026-02-09,EXISTING
112290,와이씨켐,2026-02-09,EXISTING
115450,HLB테라퓨틱스,2026-02-09,EXISTING
007860,서연,2026-02-09,EXISTING
017890,한국알콜,2026-02-09,EXISTING
100120,뷰웍스,2026-02-09,EXISTING
010580,에스엠벡셀,2026-02-09,EXISTING
005950,이수화학,2026-02-09,EXISTING
032940,원익,2026-02-09,EXISTING
030210,다올투자증권,2026-02-09,EXISTING
036800,나이스정보통신,2026-02-09,EXISTING
001230,동국홀딩스,2026-02-09,EXISTING
118990,모트렉스,2026-02-09,EXISTING
035510,신세계 I&C,2026-02-09,EXISTING
051905,LG생활건강우,2026-02-09,EXISTING
000540,흥국화재,2026-02-09,EXISTING
353810,이지바이오,2026-02-09,EXISTING
300080,플리토,2026-02-09,EXISTING
028100,동아지질,2026-02-09,EXISTING
004560,현대비앤지스틸,2026-02-09,EXISTING
005680,삼영전자,2026-02-09,EXISTING
095570,AJ네트웍스,2026-02-09,EXISTING
405100,큐알티,2026-02-09,EXISTING
439090,마녀공장,2026-02-09,EXISTING
083930,아바코,2026-02-09,EXISTING
003610,방림,2026-02-09,EXISTING
179290,엠아이텍,2026-02-09,EXISTING
051360,토비스,2026-02-09,EXISTING
264850,이랜시스,2026-02-09,EXISTING
003720,삼영,2026-02-09,EXISTING
053210,스카이라이프,2026-02-09,EXISTING
033160,엠케이전자,2026-02-09,EXISTING
005010,휴스틸,2026-02-09,EXISTING
243840,신흥에스이씨,2026-02-09,EXISTING
241520,DSC인베스트먼트,2026-02-09,EXISTING
210980,SK디앤디,2026-02-09,EXISTING
232680,라온로보틱스,2026-02-09,EXISTING
217270,넵튠,2026-02-09,EXISTING
003070,코오롱글로벌,2026-02-09,EXISTING
251370,와이엠티,2026-02-09,EXISTING
003350,한국화장품제조,2026-02-09,EXISTING
036030,케이티알파,2026-02-09,EXISTING
064290,인텍플러스,2026-02-09,EXISTING
042420,네오위즈홀딩스,2026-02-09,EXISTING
138360,협진,2026-02-09,EXISTING
044450,KSS해운,2026-02-09,EXISTING
199820,제일일렉트릭,2026-02-09,EXISTING
010820,퍼스텍,2026-02-09,EXISTING
339770,교촌에프앤비,2026-02-09,EXISTING
214420,토니모리,2026-02-09,EXISTING
134380,미원화학,2026-02-09,EXISTING
068930,디지털대성,2026-02-09,EXISTING
084850,아이티엠반도체,2026-02-09,EXISTING
323990,박셀바이오,2026-02-09,EXISTING
054450,텔레칩스,2026-02-09,EXISTING
041020,폴라리스오피스,2026-02-09,EXISTING
404990,신한서부티엔디리츠,2026-02-09,EXISTING
487570,HS효성,2026-02-09,EXISTING
290550,디케이티,2026-02-09,EXISTING
298690,에어부산,2026-02-09,EXISTING
475230,엔알비,2026-02-09,EXISTING
289930,웨이비스,2026-02-09,EXISTING
000520,삼일제약,2026-02-09,EXISTING
293780,압타바이오,2026-02-09,EXISTING
086890,이수앱지스,2026-02-09,EXISTING
334970,프레스티지바이오로직스,2026-02-09,EXISTING
001520,동양,2026-02-09,EXISTING
102120,어보브반도체,2026-02-09,EXISTING
047310,파워로직스,2026-02-09,EXISTING
092070,디엔에프,2026-02-09,EXISTING
003547,대신증권2우B,2026-02-09,EXISTING
001045,CJ우,2026-02-09,EXISTING
004430,송원산업,2026-02-09,EXISTING
230240,에치에프알,2026-02-09,EXISTING
234030,싸이닉솔루션,2026-02-09,EXISTING
000480,CR홀딩스,2026-02-09,EXISTING
101170,우림피티에스,2026-02-09,EXISTING
488280,에스투더블유,,
025000,KPX케미칼,2026-02-09,EXISTING
117580,대성에너지,2026-02-09,EXISTING
123410,코리아에프티,2026-02-09,EXISTING
082800,비보존 제약,2026-02-09,EXISTING
088800,에이스테크,2026-02-09,EXISTING
084680,이월드,2026-02-09,EXISTING
002150,도화엔지니어링,2026-02-09,EXISTING
000140,하이트진로홀딩스,2026-02-09,EXISTING
102260,동성케미컬,2026-02-09,EXISTING
010955,S-Oil우,2026-02-09,EXISTING
003650,미창석유,2026-02-09,EXISTING
219130,타이거일렉,2026-02-09,EXISTING
025620,차AI헬스케어,2026-02-09,EXISTING
356680,엑스게이트,2026-02-09,EXISTING
102460,이연제약,2026-02-09,EXISTING
001780,알루코,2026-02-09,EXISTING
000860,강남제비스코,2026-02-09,EXISTING
038390,레드캡투어,2026-02-09,EXISTING
036560,KZ정밀,2026-02-09,EXISTING
053690,한미글로벌,2026-02-09,EXISTING
119610,인터로조,2026-02-09,EXISTING
032620,유비케어,2026-02-09,EXISTING
461300,아이스크림미디어,2026-02-09,EXISTING
039570,HDC랩스,2026-02-09,EXISTING
271980,제일약품,2026-02-09,EXISTING
005430,한국공항,2026-02-09,EXISTING
009070,KCTC,2026-02-09,EXISTING
024060,흥구석유,2026-02-09,EXISTING
048870,시너지이노베이션,2026-02-09,EXISTING
425040,티이엠씨,2026-02-09,EXISTING
121440,골프존홀딩스,2026-02-09,EXISTING
123860,아나패스,2026-02-09,EXISTING
012200,계양전기,2026-02-09,EXISTING
003555,LG우,2026-02-09,EXISTING
046440,KG모빌리언스,2026-02-09,EXISTING
146320,비씨엔씨,2026-02-09,EXISTING
377450,리파인,2026-02-09,EXISTING
340450,지씨지놈,2026-02-09,EXISTING
091580,상신이디피,2026-02-09,EXISTING
123330,제닉,2026-02-09,EXISTING
001080,만호제강,2026-02-09,EXISTING
476040,오가노이드사이언스,2026-02-09,EXISTING
119830,아이텍,2026-02-09,EXISTING
095700,제넥신,2026-02-09,EXISTING
004380,삼익THK,2026-02-09,EXISTING
078150,HB테크놀러지,2026-02-09,EXISTING
067000,조이시티,2026-02-09,EXISTING
235980,메드팩토,2026-02-09,EXISTING
282880,코윈테크,2026-02-09,EXISTING
019010,베뉴지,2026-02-09,EXISTING
013580,계룡건설,2026-02-09,EXISTING
008830,대동기어,2026-02-09,EXISTING
213500,한솔제지,2026-02-09,EXISTING
160980,싸이맥스,2026-02-09,EXISTING
489460,바이오비쥬,2026-02-09,EXISTING
143160,아이디스,2026-02-09,EXISTING
001360,삼성제약,2026-02-09,EXISTING
458650,성우,2026-02-09,EXISTING
336680,탑런토탈솔루션,2026-02-09,EXISTING
234080,JW생명과학,2026-02-09,EXISTING
217820,원익피앤이,2026-02-09,EXISTING
226590,엠디바이스,2026-02-09,EXISTING
217730,강스템바이오텍,2026-02-09,EXISTING
469610,이노테크,,
047560,이스트소프트,2026-02-09,EXISTING
182360,큐브엔터,2026-02-09,EXISTING
007460,에이프로젠,2026-02-09,EXISTING
011785,금호석유화학우,2026-02-09,EXISTING
060150,인선이엔티,2026-02-09,EXISTING
138080,오이솔루션,2026-02-09,EXISTING
001250,GS글로벌,2026-02-09,EXISTING
101530,해태제과식품,2026-02-09,EXISTING
264660,씨앤지하이테크,2026-02-09,EXISTING
215100,로보로보,2026-02-09,EXISTING
036190,금화피에스시,2026-02-09,EXISTING
432720,퀄리타스반도체,2026-02-09,EXISTING
365330,에스와이스틸텍,2026-02-09,EXISTING
012610,경인양행,2026-02-09,EXISTING
071840,롯데하이마트,2026-02-09,EXISTING
038290,마크로젠,2026-02-09,EXISTING
0015S0,페스카로,,
107600,새빗켐,2026-02-09,EXISTING
016580,환인제약,2026-02-09,EXISTING
016880,웅진,2026-02-09,EXISTING
0004V0,엔비알모션,,
078070,유비쿼스홀딩스,2026-02-09,EXISTING
264450,유비쿼스,2026-02-09,EXISTING
418420,라온텍,2026-02-09,EXISTING
260970,에스앤디,2026-02-09,EXISTING
158430,아톤,2026-02-09,EXISTING
225190,LK삼양,2026-02-09,EXISTING
290690,소룩스,2026-02-09,EXISTING
322510,제이엘케이,2026-02-09,EXISTING
081000,일진다이아,2026-02-09,EXISTING
015230,대창단조,2026-02-09,EXISTING
092130,이크레더블,2026-02-09,EXISTING
002100,경농,2026-02-09,EXISTING
016790,현대사료,2026-02-09,EXISTING
109740,디에스케이,2026-02-09,EXISTING
025820,이구산업,2026-02-09,EXISTING
00279K,아모레퍼시픽홀딩스3우C,,
272550,삼양패키징,2026-02-09,EXISTING
053700,삼보모터스,2026-02-09,EXISTING
452280,한선엔지니어링,2026-02-09,EXISTING
004710,한솔테크닉스,2026-02-09,EXISTING
031440,신세계푸드,2026-02-09,EXISTING
097955,CJ제일제당 우,2026-02-09,EXISTING
108230,톱텍,2026-02-09,EXISTING
008970,KBI동양철관,2026-02-09,EXISTING
004090,한국석유,2026-02-09,EXISTING
464490,쿼드메디슨,,
293480,하나제약,2026-02-09,EXISTING
037560,LG헬로비전,2026-02-09,EXISTING
101970,우양에이치씨,2026-02-09,EXISTING
086820,바이오솔루션,2026-02-09,EXISTING
014280,금강공업,2026-02-09,EXISTING
322180,LS티라유텍,2026-02-09,EXISTING
006060,화승인더,2026-02-09,EXISTING
456070,이엔셀,2026-02-09,EXISTING
267320,나인테크,2026-02-09,EXISTING
039860,나노엔텍,2026-02-09,EXISTING
400760,NH올원리츠,2026-02-09,EXISTING
148150,세경하이테크,2026-02-09,EXISTING
098120,마이크로컨텍솔,2026-02-09,EXISTING
317400,자이에스앤디,2026-02-09,EXISTING
090350,노루페인트,2026-02-09,EXISTING
052330,코텍,2026-02-09,EXISTING
360070,탑머티리얼,2026-02-09,EXISTING
388050,지투파워,2026-02-09,EXISTING
088130,동아엘텍,2026-02-09,EXISTING
187660,현대ADM,2026-02-09,EXISTING
100250,진양홀딩스,2026-02-09,EXISTING
023910,대한약품,2026-02-09,EXISTING
333430,일승,2026-02-09,EXISTING
033340,좋은사람들,2026-02-09,EXISTING
054540,삼영엠텍,2026-02-09,EXISTING
380540,옵티코어,2026-02-09,EXISTING
056090,시지메드텍,2026-02-09,EXISTING
297890,HB솔루션,2026-02-09,EXISTING
000300,DH오토넥스,2026-02-09,EXISTING
321370,센서뷰,2026-02-09,EXISTING
381620,제닉스로보틱스,2026-02-09,EXISTING
084670,동양고속,2026-02-09,EXISTING
003460,유화증권,2026-02-09,EXISTING
042600,새로닉스,2026-02-09,EXISTING
413630,씨피시스템,2026-02-09,EXISTING
293580,나우IB,2026-02-09,EXISTING
256940,킵스파마,2026-02-09,EXISTING
002170,삼양통상,2026-02-09,EXISTING
011040,경동제약,2026-02-09,EXISTING
053080,케이엔솔,2026-02-09,EXISTING
140610,엔솔바이오사이언스,2026-02-09,EXISTING
045970,코아시아,2026-02-09,EXISTING
067280,멀티캠퍼스,2026-02-09,EXISTING
123690,한국화장품,2026-02-09,EXISTING
000020,동화약품,2026-02-09,EXISTING
234690,녹십자웰빙,2026-02-09,EXISTING
007330,푸른저축은행,2026-02-09,EXISTING
086980,쇼박스,2026-02-09,EXISTING
071280,로체시스템즈,2026-02-09,EXISTING
240550,동방메디컬,2026-02-09,EXISTING
009270,신원,2026-02-09,EXISTING
297090,씨에스베어링,2026-02-09,EXISTING
039830,오로라,2026-02-09,EXISTING
246720,아스타,2026-02-09,EXISTING
104480,티케이케미칼,2026-02-09,EXISTING
002990,금호건설,2026-02-09,EXISTING
321550,티움바이오,2026-02-09,EXISTING
337930,젝시믹스,2026-02-09,EXISTING
143240,사람인,2026-02-09,EXISTING
122990,와이솔,2026-02-09,EXISTING
417840,저스템,2026-02-09,EXISTING
069510,에스텍,2026-02-09,EXISTING
085670,뉴프렉스,2026-02-09,EXISTING
066620,국보디자인,2026-02-09,EXISTING
462520,조선내화,2026-02-09,EXISTING
263860,지니언스,2026-02-09,EXISTING
305090,마이크로디지탈,2026-02-09,EXISTING
445180,퓨릿,2026-02-09,EXISTING
040300,YTN,2026-02-09,EXISTING
089470,HDC현대EP,2026-02-09,EXISTING
008350,남선알미늄,2026-02-09,EXISTING
010100,한국무브넥스,2026-02-09,EXISTING
003310,대주산업,2026-02-09,EXISTING
070960,모나용평,2026-02-09,EXISTING
019440,세아특수강,2026-02-09,EXISTING
085910,네오티스,2026-02-09,EXISTING
016450,한세예스24홀딩스,2026-02-09,EXISTING
259630,엠플러스,2026-02-09,EXISTING
011000,진원생명과학,2026-02-09,EXISTING
014710,사조씨푸드,2026-02-09,EXISTING
071200,인피니트헬스케어,2026-02-09,EXISTING
217330,싸이토젠,2026-02-09,EXISTING
023600,삼보판지,2026-02-09,EXISTING
018470,조일알미늄,2026-02-09,EXISTING
308080,바이젠셀,2026-02-09,EXISTING
203650,드림시큐리티,2026-02-09,EXISTING
460850,동국씨엠,2026-02-09,EXISTING
073010,케이에스피,2026-02-09,EXISTING
066410,버킷스튜디오,2026-02-09,EXISTING
011560,세보엠이씨,2026-02-09,EXISTING
122450,KX,2026-02-09,EXISTING
046070,코다코,2026-02-09,EXISTING
307750,국전약품,2026-02-09,EXISTING
035080,그래디언트,2026-02-09,EXISTING
107590,미원홀딩스,2026-02-09,EXISTING
012320,경동인베스트,2026-02-09,EXISTING
021080,에이티넘인베스트,2026-02-09,EXISTING
136150,원일티엔아이,2026-02-09,EXISTING
255440,야스,2026-02-09,EXISTING
289080,SV인베스트먼트,2026-02-09,EXISTING
008110,대동전자,2026-02-09,EXISTING
049950,미래컴퍼니,2026-02-09,EXISTING
041440,현대에버다임,2026-02-09,EXISTING
080420,모다이노칩,2026-02-09,EXISTING
037070,파세코,2026-02-09,EXISTING
104460,디와이피엔에프,2026-02-09,EXISTING
246710,티앤알바이오팹,2026-02-09,EXISTING
036220,오상헬스케어,2026-02-09,EXISTING
214680,디알텍,2026-02-09,EXISTING
310200,애니플러스,2026-02-09,EXISTING
093190,빅솔론,2026-02-09,EXISTING
166480,코아스템켐온,2026-02-09,EXISTING
000970,한국주철관,2026-02-09,EXISTING
000700,유수홀딩스,2026-02-09,EXISTING
008040,사조동아원,2026-02-09,EXISTING
382840,원준,2026-02-09,EXISTING
220260,켐트로스,2026-02-09,EXISTING
088390,이녹스,2026-02-09,EXISTING
017510,세명전기,2026-02-09,EXISTING
029480,광무,2026-02-09,EXISTING
210540,디와이파워,2026-02-09,EXISTING
095190,이엠코리아,2026-02-09,EXISTING
003830,대한화섬,2026-02-09,EXISTING
004970,신라교역,2026-02-09,EXISTING
282720,금양그린파워,2026-02-09,EXISTING
002390,한독,2026-02-09,EXISTING
092220,KEC,2026-02-09,EXISTING
013990,아가방컴퍼니,2026-02-09,EXISTING
005160,동국산업,2026-02-09,EXISTING
147830,제룡산업,2026-02-09,EXISTING
054920,한컴위드,2026-02-09,EXISTING
005800,신영와코루,2026-02-09,EXISTING
059270,해성에어로보틱스,2026-02-09,EXISTING
025950,동신건설,2026-02-09,EXISTING
263720,디앤씨미디어,2026-02-09,EXISTING
223250,드림씨아이에스,2026-02-09,EXISTING
009580,무림P&P,2026-02-09,EXISTING
125020,티씨머티리얼즈,2026-02-09,EXISTING
126730,코칩,2026-02-09,EXISTING
205100,엑셈,2026-02-09,EXISTING
006620,동구바이오제약,2026-02-09,EXISTING
064850,에프앤가이드,2026-02-09,EXISTING
096250,와이즈넛,2026-02-09,EXISTING
408920,메쎄이상,2026-02-09,EXISTING
052420,오성첨단소재,2026-02-09,EXISTING
007540,샘표,2026-02-09,EXISTING
0015N0,아로마티카,,
005960,동부건설,2026-02-09,EXISTING
083420,그린케미칼,2026-02-09,EXISTING
011280,태림포장,2026-02-09,EXISTING
331740,아우토크립트,2026-02-09,EXISTING
039560,다산네트웍스,2026-02-09,EXISTING
047770,코데즈컴바인,2026-02-09,EXISTING
027970,한국제지,2026-02-09,EXISTING
217950,파마리서치바이오,2026-02-09,EXISTING
109610,에스와이,2026-02-09,EXISTING
106190,하이텍팜,2026-02-09,EXISTING
298000,효성화학,2026-02-09,EXISTING
439580,블루엠텍,2026-02-09,EXISTING
294140,레몬,2026-02-09,EXISTING
131030,옵투스제약,2026-02-09,EXISTING
094280,효성ITX,2026-02-09,EXISTING
402490,그린리소스,2026-02-09,EXISTING
019680,대교,2026-02-09,EXISTING
003480,한진중공업홀딩스,2026-02-09,EXISTING
049720,고려신용정보,2026-02-09,EXISTING
004960,한신공영,2026-02-09,EXISTING
005990,매일홀딩스,2026-02-09,EXISTING
083500,에프엔에스테크,2026-02-09,EXISTING
086960,MDS테크,2026-02-09,EXISTING
077500,유니퀘스트,2026-02-09,EXISTING
187870,디바이스,2026-02-09,EXISTING
019180,티에이치엔,2026-02-09,EXISTING
357580,아모센스,2026-02-09,EXISTING
068790,DMS,2026-02-09,EXISTING
063570,NICE인프라,2026-02-09,EXISTING
003100,선광,2026-02-09,EXISTING
309960,LB인베스트먼트,2026-02-09,EXISTING
089600,KT나스미디어,2026-02-09,EXISTING
192440,슈피겐코리아,2026-02-09,EXISTING
123040,엠에스오토텍,2026-02-09,EXISTING
063080,컴투스홀딩스,2026-02-09,EXISTING
460940,피앤에스로보틱스,2026-02-09,EXISTING
205500,넥써쓰,2026-02-09,EXISTING
078000,텔코웨어,2026-02-09,EXISTING
493330,지에프아이,,
004250,NPC,2026-02-09,EXISTING
417970,모델솔루션,2026-02-09,EXISTING
079430,현대리바트,2026-02-09,EXISTING
016740,두올,2026-02-09,EXISTING
059210,메타바이오메드,2026-02-09,EXISTING
350520,이지스레지던스리츠,2026-02-09,EXISTING
054800,아이디스홀딩스,2026-02-09,EXISTING
036420,콘텐트리중앙,2026-02-09,EXISTING
015890,태경산업,2026-02-09,EXISTING
229500,노브메타파마,2026-02-09,EXISTING
299170,더블유에스아이,2026-02-09,EXISTING
036710,심텍홀딩스,2026-02-09,EXISTING
049430,코메론,2026-02-09,EXISTING
011700,한신기계,2026-02-09,EXISTING
251120,바이오에프디엔씨,2026-02-09,EXISTING
950130,엑세스바이오,2026-02-09,EXISTING
002220,한일철강,2026-02-09,EXISTING
142210,유니트론텍,2026-02-09,EXISTING
052710,아모텍,2026-02-09,EXISTING
063170,서울옥션,2026-02-09,EXISTING
009780,엠에스씨,2026-02-09,EXISTING
013570,디와이,2026-02-09,EXISTING
016710,대성홀딩스,2026-02-09,EXISTING
081180,쎄크,2026-02-09,EXISTING
209640,와이제이링크,2026-02-09,EXISTING
463020,뉴엔AI,2026-02-09,EXISTING
201490,미투온,2026-02-09,EXISTING
036580,팜스코,2026-02-09,EXISTING
317830,에스피시스템스,2026-02-09,EXISTING
074430,아미노로직스,2026-02-09,EXISTING
038110,에코플라스틱,2026-02-09,EXISTING
035000,HS애드,2026-02-09,EXISTING
024090,디씨엠,2026-02-09,EXISTING
248170,샘표식품,2026-02-09,EXISTING
214390,경보제약,2026-02-09,EXISTING
053580,웹케시,2026-02-09,EXISTING
117670,알파칩스,2026-02-09,EXISTING
066430,아이로보틱스,2026-02-09,EXISTING
03473K,SK우,,
014950,삼익제약,,
136540,윈스테크넷,2026-02-09,EXISTING
250060,모비스,2026-02-09,EXISTING
208370,셀바스헬스케어,2026-02-09,EXISTING
187790,나노,2026-02-09,EXISTING
078140,대봉엘에스,2026-02-09,EXISTING
030960,양지사,2026-02-09,EXISTING
013310,아진산업,2026-02-09,EXISTING
000230,일동홀딩스,2026-02-09,EXISTING
067830,세이브존I&C,2026-02-09,EXISTING
095720,웅진씽크빅,2026-02-09,EXISTING
101330,모베이스,2026-02-09,EXISTING
007110,일신석재,2026-02-09,EXISTING
072870,메가스터디,2026-02-09,EXISTING
046120,오르비텍,2026-02-09,EXISTING
065170,비엘팜텍,2026-02-09,EXISTING
443670,에스피소프트,2026-02-09,EXISTING
084650,랩지노믹스,2026-02-09,EXISTING
453450,그리드위즈,2026-02-09,EXISTING
269620,시스웍,2026-02-09,EXISTING
004150,한솔홀딩스,2026-02-09,EXISTING
054050,농우바이오,2026-02-09,EXISTING
149950,아바텍,2026-02-09,EXISTING
475580,에이럭스,2026-02-09,EXISTING
267290,경동도시가스,2026-02-09,EXISTING
092190,서울바이오시스,2026-02-09,EXISTING
032300,한국파마,2026-02-09,EXISTING
038460,바이오스마트,2026-02-09,EXISTING
021820,세원정공,2026-02-09,EXISTING
205470,휴마시스,2026-02-09,EXISTING
021320,KCC건설,2026-02-09,EXISTING
307180,아이엘,2026-02-09,EXISTING
396300,세아메카닉스,2026-02-09,EXISTING
226400,오스테오닉,2026-02-09,EXISTING
366030,공구우먼,2026-02-09,EXISTING
396270,넥스트칩,2026-02-09,EXISTING
014580,태경비케이,2026-02-09,EXISTING
026150,특수건설,2026-02-09,EXISTING
101670,하이드로리튬,2026-02-09,EXISTING
004080,신흥,2026-02-09,EXISTING
172670,에이엘티,2026-02-09,EXISTING
212560,네오오토,2026-02-09,EXISTING
027710,팜스토리,2026-02-09,EXISTING
424960,스마트레이더시스템,2026-02-09,EXISTING
120030,조선선재,2026-02-09,EXISTING
265740,엔에프씨,2026-02-09,EXISTING
007210,벽산,2026-02-09,EXISTING
432470,케이엔에스,2026-02-09,EXISTING
002200,한국수출포장,2026-02-09,EXISTING
044820,코스맥스비티아이,2026-02-09,EXISTING
002620,제일파마홀딩스,2026-02-09,EXISTING
052260,현대바이오랜드,2026-02-09,EXISTING
024800,유성티엔에스,2026-02-09,EXISTING
013520,화승코퍼레이션,2026-02-09,EXISTING
049960,쎌바이오텍,2026-02-09,EXISTING
091120,이엠텍,2026-02-09,EXISTING
090850,현대이지웰,2026-02-09,EXISTING
131370,알서포트,2026-02-09,EXISTING
002460,HS화성,2026-02-09,EXISTING
014530,극동유화,2026-02-09,EXISTING
039980,폴라리스AI,2026-02-09,EXISTING
067900,와이엔텍,2026-02-09,EXISTING
363280,티와이홀딩스,2026-02-09,EXISTING
044990,에이치엔에스하이텍,2026-02-09,EXISTING
067990,도이치모터스,2026-02-09,EXISTING
017370,우신시스템,2026-02-09,EXISTING
019550,SBI인베스트먼트,2026-02-09,EXISTING
012800,대창,2026-02-09,EXISTING
362320,청담글로벌,2026-02-09,EXISTING
099750,이지케어텍,2026-02-09,EXISTING
049520,유아이엘,2026-02-09,EXISTING
048550,SM C&C,2026-02-09,EXISTING
382800,지앤비에스 에코,2026-02-09,EXISTING
086670,비엠티,2026-02-09,EXISTING
125210,아모그린텍,2026-02-09,EXISTING
461030,아이엠비디엑스,2026-02-09,EXISTING
086710,선진뷰티사이언스,2026-02-09,EXISTING
232530,이엠티,2026-02-09,EXISTING
139990,아주스틸,2026-02-09,EXISTING
039340,한국경제TV,2026-02-09,EXISTING
377480,마음AI,2026-02-09,EXISTING
015590,DKME,2026-02-09,EXISTING
370090,퓨런티어,2026-02-09,EXISTING
005860,한일사료,2026-02-09,EXISTING
396470,워트,2026-02-09,EXISTING
024880,케이피에프,2026-02-09,EXISTING
004140,동방,2026-02-09,EXISTING
010660,화천기계,2026-02-09,EXISTING
020120,키다리스튜디오,2026-02-09,EXISTING
006140,피제이전자,2026-02-09,EXISTING
036010,아비코전자,2026-02-09,EXISTING
048530,인트론바이오,2026-02-09,EXISTING
005870,휴니드,2026-02-09,EXISTING
014790,HL D&I,2026-02-09,EXISTING
058850,KTcs,2026-02-09,EXISTING
066590,우수AMS,2026-02-09,EXISTING
011330,유니켐,2026-02-09,EXISTING
073560,우리손에프앤지,2026-02-09,EXISTING
069460,대호에이엘,2026-02-09,EXISTING
443250,레뷰코퍼레이션,2026-02-09,EXISTING
105550,엣지파운드리,2026-02-09,EXISTING
267850,아시아나IDT,2026-02-09,EXISTING
096240,크레버스,2026-02-09,EXISTING
079810,디이엔티,2026-02-09,EXISTING
007820,에스엠코어,2026-02-09,EXISTING
251630,브이원텍,2026-02-09,EXISTING
365590,하이딥,2026-02-09,EXISTING
417500,제이아이테크,2026-02-09,EXISTING
191420,테고사이언스,2026-02-09,EXISTING
067290,JW신약,2026-02-09,EXISTING
348150,고바이오랩,2026-02-09,EXISTING
306620,지아이에스,2026-02-09,EXISTING
023800,인지컨트롤스,2026-02-09,EXISTING
452190,한빛레이저,2026-02-09,EXISTING
063160,종근당바이오,2026-02-09,EXISTING
418470,KT밀리의서재,2026-02-09,EXISTING
041590,플래스크,2026-02-09,EXISTING
033290,로젠,2026-02-09,EXISTING
330350,위더스제약,2026-02-09,EXISTING
093640,케이알엠,2026-02-09,EXISTING
227840,현대코퍼레이션홀딩스,2026-02-09,EXISTING
298540,더네이쳐홀딩스,2026-02-09,EXISTING
018120,진로발효,2026-02-09,EXISTING
014160,대영포장,2026-02-09,EXISTING
100700,세운메디칼,2026-02-09,EXISTING
115500,케이씨에스,2026-02-09,EXISTING
388870,파로스아이바이오,2026-02-09,EXISTING
023900,풍국주정,2026-02-09,EXISTING
034590,인천도시가스,2026-02-09,EXISTING
261520,이지스,,
163730,핑거,2026-02-09,EXISTING
277880,티에스아이,2026-02-09,EXISTING
214330,금호에이치티,2026-02-09,EXISTING
278650,HLB바이오스텝,2026-02-09,EXISTING
051160,지어소프트,2026-02-09,EXISTING
131400,이브이첨단소재,2026-02-09,EXISTING
004840,DRB동일,2026-02-09,EXISTING
017900,광전자,2026-02-09,EXISTING
047820,초록뱀미디어,2026-02-09,EXISTING
303810,동국생명과학,2026-02-09,EXISTING
065450,빅텍,2026-02-09,EXISTING
037350,성도이엔지,2026-02-09,EXISTING
002780,진흥기업,2026-02-09,EXISTING
175140,휴먼테크놀로지,2026-02-09,EXISTING
311690,CJ 바이오사이언스,2026-02-09,EXISTING
001540,안국약품,2026-02-09,EXISTING
100130,동국S&C,2026-02-09,EXISTING
043610,KT지니뮤직,2026-02-09,EXISTING
000105,유한양행우,2026-02-09,EXISTING
413390,엠오티,2026-02-09,EXISTING
347890,엠투아이,2026-02-09,EXISTING
101140,인바이오젠,2026-02-09,EXISTING
011810,STX,2026-02-09,EXISTING
411080,샌즈랩,2026-02-09,EXISTING
036170,에이치엠넥스,2026-02-09,EXISTING
013360,일성건설,2026-02-09,EXISTING
307930,컴퍼니케이,2026-02-09,EXISTING
003580,HLB글로벌,2026-02-09,EXISTING
330730,스톤브릿지벤처스,2026-02-09,EXISTING
017550,수산세보틱스,2026-02-09,EXISTING
023450,동남합성,2026-02-09,EXISTING
217500,러셀,2026-02-09,EXISTING
006660,삼성공조,2026-02-09,EXISTING
950190,고스트스튜디오,2026-02-09,EXISTING
299900,위지윅스튜디오,2026-02-09,EXISTING
149980,하이로닉,2026-02-09,EXISTING
253840,수젠텍,2026-02-09,EXISTING
042510,라온시큐어,2026-02-09,EXISTING
264900,크라운제과,2026-02-09,EXISTING
389030,지니너스,2026-02-09,EXISTING
068290,삼성출판사,2026-02-09,EXISTING
463480,모티브링크,2026-02-09,EXISTING
204610,티쓰리,2026-02-09,EXISTING
071670,에이테크솔루션,2026-02-09,EXISTING
035610,솔본,2026-02-09,EXISTING
084730,팅크웨어,2026-02-09,EXISTING
014970,삼륭물산,2026-02-09,EXISTING
001020,페이퍼코리아,2026-02-09,EXISTING
002450,삼익악기,2026-02-09,EXISTING
041930,동아화성,2026-02-09,EXISTING
058630,엠게임,2026-02-09,EXISTING
391710,코닉오토메이션,2026-02-09,EXISTING
066700,테라젠이텍스,2026-02-09,EXISTING
355150,코스텍시스,2026-02-09,EXISTING
225530,HC보광산업,2026-02-09,EXISTING
038540,상상인,2026-02-09,EXISTING
950220,네오이뮨텍,2026-02-09,EXISTING
006840,AK홀딩스,2026-02-09,EXISTING
183490,엔지켐생명과학,2026-02-09,EXISTING
124560,태웅로직스,2026-02-09,EXISTING
000180,성창기업지주,2026-02-09,EXISTING
105740,디케이락,2026-02-09,EXISTING
290670,대보마그네틱,2026-02-09,EXISTING
064800,포니링크,2026-02-09,EXISTING
011150,CJ씨푸드,2026-02-09,EXISTING
459550,알트,,
032560,황금에스티,2026-02-09,EXISTING
451220,아이엠티,2026-02-09,EXISTING
456570,아이엠지티,2026-02-09,EXISTING
090470,제이스텍,2026-02-09,EXISTING
060570,드림어스컴퍼니,2026-02-09,EXISTING
005740,크라운해태홀딩스,2026-02-09,EXISTING
389140,포바이포,2026-02-09,EXISTING
474610,RF시스템즈,2026-02-09,EXISTING
419050,삼기에너지솔루션즈,2026-02-09,EXISTING
065510,휴비츠,2026-02-09,EXISTING
008700,아남전자,2026-02-09,EXISTING
102370,케이옥션,2026-02-09,EXISTING
396690,미래에셋글로벌리츠,2026-02-09,EXISTING
060590,씨티씨바이오,2026-02-09,EXISTING
009300,삼아제약,2026-02-09,EXISTING
331380,포커스에이아이,2026-02-09,EXISTING
163560,동일고무벨트,2026-02-09,EXISTING
141000,비아트론,2026-02-09,EXISTING
214260,라파스,2026-02-09,EXISTING
119650,KC코트렐,2026-02-09,EXISTING
299660,셀리드,2026-02-09,EXISTING
013870,지엠비코리아,2026-02-09,EXISTING
007980,TP,2026-02-09,EXISTING
083790,CG인바이츠,2026-02-09,EXISTING
311320,지오엘리먼트,2026-02-09,EXISTING
000440,중앙에너비스,2026-02-09,EXISTING
078935,GS우,2026-02-09,EXISTING
008260,NI스틸,2026-02-09,EXISTING
207760,미스터블루,2026-02-09,EXISTING
448710,코츠테크놀로지,2026-02-09,EXISTING
068240,다원시스,2026-02-09,EXISTING
058860,KTis,2026-02-09,EXISTING
104040,대성파인텍,2026-02-09,EXISTING
382150,온코크로스,2026-02-09,EXISTING
306040,에스제이그룹,2026-02-09,EXISTING
206560,덱스터,2026-02-09,EXISTING
452400,이닉스,2026-02-09,EXISTING
357230,에이치피오,2026-02-09,EXISTING
049180,셀루메드,2026-02-09,EXISTING
049470,비트플래닛,2026-02-09,EXISTING
435570,에르코스,2026-02-09,EXISTING
067570,엔브이에이치코리아,2026-02-09,EXISTING
453860,에이에스텍,2026-02-09,EXISTING
315640,딥노이드,2026-02-09,EXISTING
002700,신일전자,2026-02-09,EXISTING
079980,휴비스,2026-02-09,EXISTING
212710,아이에스티이,2026-02-09,EXISTING
234300,에스트래픽,2026-02-09,EXISTING
288330,파라택시스코리아,2026-02-09,EXISTING
066790,씨씨에스,2026-02-09,EXISTING
002720,국제약품,2026-02-09,EXISTING
136410,아셈스,2026-02-09,EXISTING
012700,리드코프,2026-02-09,EXISTING
110790,크리스에프앤씨,2026-02-09,EXISTING
242040,나무기술,2026-02-09,EXISTING
480370,씨케이솔루션,2026-02-09,EXISTING
078890,가온그룹,2026-02-09,EXISTING
048910,대원미디어,2026-02-09,EXISTING
091440,한울소재과학,2026-02-09,EXISTING
000590,CS홀딩스,2026-02-09,EXISTING
010960,삼호개발,2026-02-09,EXISTING
451250,삐아,2026-02-09,EXISTING
082850,우리바이오,2026-02-09,EXISTING
900250,크리스탈신소재,2026-02-09,EXISTING
340930,유일에너테크,2026-02-09,EXISTING
33626K,두산퓨얼셀1우,,
093920,서원인텍,2026-02-09,EXISTING
048430,유라테크,2026-02-09,EXISTING
023000,삼원강재,2026-02-09,EXISTING
054670,대한뉴팜,2026-02-09,EXISTING
424980,마이크로투나노,2026-02-09,EXISTING
002600,조흥,2026-02-09,EXISTING
382480,지아이텍,2026-02-09,EXISTING
053350,이니텍,2026-02-09,EXISTING
289220,자이언트스텝,2026-02-09,EXISTING
241690,유니테크노,2026-02-09,EXISTING
011370,서한,2026-02-09,EXISTING
170030,현대공업,2026-02-09,EXISTING
446840,지슨,2026-02-09,EXISTING
339950,아이비김영,2026-02-09,EXISTING
024830,세원물산,2026-02-09,EXISTING
120240,대정화금,2026-02-09,EXISTING
004890,동일산업,2026-02-09,EXISTING
014440,영보화학,2026-02-09,EXISTING
302550,리메드,2026-02-09,EXISTING
352090,스톰테크,2026-02-09,EXISTING
003060,에이프로젠바이오로직스,2026-02-09,EXISTING
092040,아미코젠,2026-02-09,EXISTING
044340,위닉스,2026-02-09,EXISTING
058400,KNN,2026-02-09,EXISTING
104620,노랑풍선,2026-02-09,EXISTING
040350,크레오에스지,2026-02-09,EXISTING
004060,SG세계물산,2026-02-09,EXISTING
296160,프로젠,2026-02-09,EXISTING
376930,노을,2026-02-09,EXISTING
004720,팜젠사이언스,2026-02-09,EXISTING
013700,까뮤이앤씨,2026-02-09,EXISTING
001560,제일연마,2026-02-09,EXISTING
459100,위츠,2026-02-09,EXISTING
478560,블랙야크아이앤씨,2026-02-09,EXISTING
228670,레이,2026-02-09,EXISTING
348350,위드텍,2026-02-09,EXISTING
040420,정상제이엘에스,2026-02-09,EXISTING
072020,중앙백신,2026-02-09,EXISTING
111380,동인기연,2026-02-09,EXISTING
027050,코리아나,2026-02-09,EXISTING
005750,대림바스,2026-02-09,EXISTING
094940,푸른기술,2026-02-09,EXISTING
000850,화천기공,2026-02-09,EXISTING
053280,예스24,2026-02-09,EXISTING
061250,화일약품,2026-02-09,EXISTING
408900,스튜디오미르,2026-02-09,EXISTING
004650,창해에탄올,2026-02-09,EXISTING
226330,신테카바이오,2026-02-09,EXISTING
072990,에이치시티,2026-02-09,EXISTING
104200,NHN벅스,2026-02-09,EXISTING
323350,다원넥스뷰,2026-02-09,EXISTING
273640,와이엠텍,2026-02-09,EXISTING
006890,태경케미컬,2026-02-09,EXISTING
203690,아크솔루션스,2026-02-09,EXISTING
0013V0,삼진식품,,
027830,대성창투,2026-02-09,EXISTING
204840,지엘팜텍,2026-02-09,EXISTING
446540,메가터치,2026-02-09,EXISTING
039610,화성밸브,2026-02-09,EXISTING
053450,세코닉스,2026-02-09,EXISTING
134580,탑코미디어,2026-02-09,EXISTING
163280,에어레인,2026-02-09,EXISTING
060560,HC홈센타,2026-02-09,EXISTING
001275,부국증권우,2026-02-09,EXISTING
173130,오파스넷,2026-02-09,EXISTING
126880,제이엔케이글로벌,2026-02-09,EXISTING
317870,엔바이오니아,2026-02-09,EXISTING
216050,인크로스,2026-02-09,EXISTING
265560,영화테크,2026-02-09,EXISTING
348080,큐라티스,2026-02-09,EXISTING
317770,엑스페릭스,2026-02-09,EXISTING
378800,샤페론,2026-02-09,EXISTING
002800,신신제약,2026-02-09,EXISTING
041910,폴라리스AI파마,2026-02-09,EXISTING
032850,비트컴퓨터,2026-02-09,EXISTING
052900,KX하이텍,2026-02-09,EXISTING
105330,케이엔더블유,2026-02-09,EXISTING
130580,나이스디앤비,2026-02-09,EXISTING
096775,SK이노베이션우,2026-02-09,EXISTING
260930,씨티케이,2026-02-09,EXISTING
168330,내츄럴엔도텍,2026-02-09,EXISTING
042500,링네트,2026-02-09,EXISTING
388790,라이콤,2026-02-09,EXISTING
111710,남화산업,2026-02-09,EXISTING
123420,위메이드플레이,2026-02-09,EXISTING
475430,키스트론,2026-02-09,EXISTING
317690,퀀타매트릭스,2026-02-09,EXISTING
039020,이건홀딩스,2026-02-09,EXISTING
001260,남광토건,2026-02-09,EXISTING
004100,태양금속,2026-02-09,EXISTING
025550,한국선재,2026-02-09,EXISTING
059120,아진엑스텍,2026-02-09,EXISTING
039010,현대에이치티,2026-02-09,EXISTING
033230,인성정보,2026-02-09,EXISTING
036630,세종텔레콤,2026-02-09,EXISTING
010040,한국내화,2026-02-09,EXISTING
041520,이엘씨,2026-02-09,EXISTING
085310,엔케이,2026-02-09,EXISTING
011390,부산산업,2026-02-09,EXISTING
036640,HRS,2026-02-09,EXISTING
019990,에너토크,2026-02-09,EXISTING
142280,녹십자엠에스,2026-02-09,EXISTING
094850,참좋은여행,2026-02-09,EXISTING
104540,코렌텍,2026-02-09,EXISTING
208140,정다운,2026-02-09,EXISTING
020710,시공테크,2026-02-09,EXISTING
023810,인팩,2026-02-09,EXISTING
054620,APS,2026-02-09,EXISTING
115440,우리넷,2026-02-09,EXISTING
234100,폴라리스세원,2026-02-09,EXISTING
017650,대림제지,2026-02-09,EXISTING
199550,레이저옵텍,2026-02-09,EXISTING
228850,레이언스,2026-02-09,EXISTING
347000,센코,2026-02-09,EXISTING
221800,유투바이오,2026-02-09,EXISTING
417790,트루엔,2026-02-09,EXISTING
045660,에이텍,2026-02-09,EXISTING
054300,팬스타엔터프라이즈,2026-02-09,EXISTING
214270,FSN,2026-02-09,EXISTING
040910,아이씨디,2026-02-09,EXISTING
338100,NH프라임리츠,2026-02-09,EXISTING
002795,아모레퍼시픽홀딩스우,2026-02-09,EXISTING
009770,삼정펄프,2026-02-09,EXISTING
262260,에이프로,2026-02-09,EXISTING
294630,서남,2026-02-09,EXISTING
217190,제너셈,2026-02-09,EXISTING
263800,데이타솔루션,2026-02-09,EXISTING
222810,세토피아,2026-02-09,EXISTING
318160,셀바이오휴먼텍,2026-02-09,EXISTING
016250,SGC E&C,2026-02-09,EXISTING
175250,아이큐어,2026-02-09,EXISTING
007280,한국특강,2026-02-09,EXISTING
001290,상상인증권,2026-02-09,EXISTING
128660,피제이메탈,2026-02-09,EXISTING
011320,유니크,2026-02-09,EXISTING
089850,유비벨록스,2026-02-09,EXISTING
457370,한켐,2026-02-09,EXISTING
412540,제일엠앤에스,2026-02-09,EXISTING
009200,무림페이퍼,2026-02-09,EXISTING
012690,모나리자,2026-02-09,EXISTING
014470,부방,2026-02-09,EXISTING
290720,푸드나무,2026-02-09,EXISTING
096350,대창솔루션,2026-02-09,EXISTING
003780,진양산업,2026-02-09,EXISTING
340360,다보링크,2026-02-09,EXISTING
419080,엔젯,2026-02-09,EXISTING
046940,우원개발,2026-02-09,EXISTING
033320,제이씨현시스템,2026-02-09,EXISTING
006880,신송홀딩스,2026-02-09,EXISTING
009180,한솔로지스틱스,2026-02-09,EXISTING
001470,삼부토건,2026-02-09,EXISTING
007590,동방아그로,2026-02-09,EXISTING
099410,동방선기,2026-02-09,EXISTING
413640,비아이매트릭스,2026-02-09,EXISTING
099220,SDN,2026-02-09,EXISTING
222160,NPX,2026-02-09,EXISTING
006090,사조오양,2026-02-09,EXISTING
307870,비투엔,2026-02-09,EXISTING
215360,우리산업,2026-02-09,EXISTING
004440,삼일씨엔에스,2026-02-09,EXISTING
002760,보락,2026-02-09,EXISTING
187420,HLB제넥스,2026-02-09,EXISTING
009835,한화솔루션우,2026-02-09,EXISTING
036000,예림당,2026-02-09,EXISTING
153710,옵티팜,2026-02-09,EXISTING
036090,위지트,2026-02-09,EXISTING
372910,한컴라이프케어,2026-02-09,EXISTING
263600,덕우전자,2026-02-09,EXISTING
033310,엠투엔,2026-02-09,EXISTING
060310,3S,2026-02-09,EXISTING
054040,한국컴퓨터,2026-02-09,EXISTING
066310,큐에스아이,2026-02-09,EXISTING
097800,윈팩,2026-02-09,EXISTING
033170,시그네틱스,2026-02-09,EXISTING
041460,한국전자인증,2026-02-09,EXISTING
023440,제이스코홀딩스,2026-02-09,EXISTING
302430,이노메트리,2026-02-09,EXISTING
081150,티플랙스,2026-02-09,EXISTING
064240,홈캐스트,2026-02-09,EXISTING
140070,서플러스글로벌,2026-02-09,EXISTING
120115,코오롱인더우,2026-02-09,EXISTING
246960,SCL사이언스,2026-02-09,EXISTING
037030,파워넷,2026-02-09,EXISTING
004830,덕성,2026-02-09,EXISTING
004590,한국가구,2026-02-09,EXISTING
024740,한일단조,2026-02-09,EXISTING
241790,티이엠씨씨엔에스,2026-02-09,EXISTING
001550,조비,2026-02-09,EXISTING
046210,HLB파나진,2026-02-09,EXISTING
189980,흥국에프엔비,2026-02-09,EXISTING
055490,테이팩스,2026-02-09,EXISTING
006490,인스코비,2026-02-09,EXISTING
032540,TJ미디어,2026-02-09,EXISTING
171120,라이온켐텍,2026-02-09,EXISTING
052220,iMBC,2026-02-09,EXISTING
071090,하이스틸,2026-02-09,EXISTING
37550L,DL이앤씨2우(전환),,
054930,유신,2026-02-09,EXISTING
049550,잉크테크,2026-02-09,EXISTING
063440,SM Life Design,2026-02-09,EXISTING
040160,누리플렉스,2026-02-09,EXISTING
950200,소마젠,2026-02-09,EXISTING
159580,제로투세븐,2026-02-09,EXISTING
111110,호전실업,2026-02-09,EXISTING
069540,빛과전자,2026-02-09,EXISTING
043710,서울리거,2026-02-09,EXISTING
053260,금강철강,2026-02-09,EXISTING
317850,대모,2026-02-09,EXISTING
155650,와이엠씨,2026-02-09,EXISTING
351330,이삭엔지니어링,2026-02-09,EXISTING
129260,인터지스,2026-02-09,EXISTING
031820,아이티센씨티에스,2026-02-09,EXISTING
024910,경창산업,2026-02-09,EXISTING
016090,대현,2026-02-09,EXISTING
001380,SG글로벌,2026-02-09,EXISTING
347740,피엔케이피부임상연구센타,2026-02-09,EXISTING
064480,브리지텍,2026-02-09,EXISTING
010280,아이티센엔텍,2026-02-09,EXISTING
000220,유유제약,2026-02-09,EXISTING
018500,동원금속,2026-02-09,EXISTING
065500,오리엔트정공,2026-02-09,EXISTING
393210,토마토시스템,2026-02-09,EXISTING
049480,오픈베이스,2026-02-09,EXISTING
137950,제이씨케미칼,2026-02-09,EXISTING
357880,SKAI,2026-02-09,EXISTING
900260,로스웰,2026-02-09,EXISTING
043650,국순당,2026-02-09,EXISTING
094840,슈프리마에이치큐,2026-02-09,EXISTING
384470,코어라인소프트,2026-02-09,EXISTING
129920,대성하이텍,2026-02-09,EXISTING
039240,경남스틸,2026-02-09,EXISTING
160550,NEW,2026-02-09,EXISTING
100030,인지소프트,2026-02-09,EXISTING
234920,자이글,2026-02-09,EXISTING
290660,네오펙트,2026-02-09,EXISTING
007370,진양제약,2026-02-09,EXISTING
261780,차백신연구소,2026-02-09,EXISTING
036670,삼양케이씨아이,2026-02-09,EXISTING
032860,더라미,2026-02-09,EXISTING
192250,케이사인,2026-02-09,EXISTING
004540,깨끗한나라,2026-02-09,EXISTING
162300,신스틸,2026-02-09,EXISTING
407400,꿈비,2026-02-09,EXISTING
196300,HLB펩,2026-02-09,EXISTING
0010V0,제이피아이헬스케어,,
373200,엑스플러스,2026-02-09,EXISTING
053050,지에스이,2026-02-09,EXISTING
042940,상지건설,2026-02-09,EXISTING
288620,에스퓨얼셀,2026-02-09,EXISTING
332370,아이디피,2026-02-09,EXISTING
369370,블리츠웨이엔터테인먼트,2026-02-09,EXISTING
222110,팬젠,2026-02-09,EXISTING
393970,대진첨단소재,2026-02-09,EXISTING
012790,신일제약,2026-02-09,EXISTING
347860,알체라,2026-02-09,EXISTING
087260,모바일어플라이언스,2026-02-09,EXISTING
067370,선바이오,2026-02-09,EXISTING
019540,일지테크,2026-02-09,EXISTING
109860,동일금속,2026-02-09,EXISTING
000910,유니온,2026-02-09,EXISTING
010470,오리콤,2026-02-09,EXISTING
036120,서울평가정보,2026-02-09,EXISTING
037950,엘컴텍,2026-02-09,EXISTING
043910,자연과환경,2026-02-09,EXISTING
403490,우듬지팜,2026-02-09,EXISTING
073640,테라사이언스,2026-02-09,EXISTING
000725,현대건설우,2026-02-09,EXISTING
092300,현우산업,2026-02-09,EXISTING
317530,캐리소프트,2026-02-09,EXISTING
003010,혜인,2026-02-09,EXISTING
092780,DYP,2026-02-09,EXISTING
479960,위너스,2026-02-09,EXISTING
122350,삼기,2026-02-09,EXISTING
222040,코스맥스엔비티,2026-02-09,EXISTING
263700,케어랩스,2026-02-09,EXISTING
068330,일신바이오,2026-02-09,EXISTING
014190,원익큐브,2026-02-09,EXISTING
046310,백금T&A,2026-02-09,EXISTING
320000,한울반도체,2026-02-09,EXISTING
378850,화승알앤에이,2026-02-09,EXISTING
159010,아스플로,2026-02-09,EXISTING
052790,액토즈소프트,2026-02-09,EXISTING
092440,기신정기,2026-02-09,EXISTING
388610,지에프씨생명과학,2026-02-09,EXISTING
476080,M83,2026-02-09,EXISTING
460870,에스엠씨지,2026-02-09,EXISTING
017480,삼현철강,2026-02-09,EXISTING
024900,디와이덕양,2026-02-09,EXISTING
303360,프로티아,2026-02-09,EXISTING
273060,와이즈버즈,2026-02-09,EXISTING
333620,엔시스,2026-02-09,EXISTING
033130,디지틀조선,2026-02-09,EXISTING
089790,제이티,2026-02-09,EXISTING
215090,솔디펜스,2026-02-09,EXISTING
145170,노브랜드,2026-02-09,EXISTING
004910,조광페인트,2026-02-09,EXISTING
003925,남양유업우,2026-02-09,EXISTING
040610,SG&G,2026-02-09,EXISTING
270520,앱튼,2026-02-09,EXISTING
053270,구영테크,2026-02-09,EXISTING
277070,린드먼아시아,2026-02-09,EXISTING
352910,오비고,2026-02-09,EXISTING
311390,네오크레마,2026-02-09,EXISTING
100220,비상교육,2026-02-09,EXISTING
241840,에이스토리,2026-02-09,EXISTING
005305,롯데칠성우,2026-02-09,EXISTING
227950,엔투텍,2026-02-09,EXISTING
082210,옵트론텍,2026-02-09,EXISTING
080010,이상네트웍스,2026-02-09,EXISTING
039420,케이엘넷,2026-02-09,EXISTING
180060,탑선,2026-02-09,EXISTING
261200,덴티스,2026-02-09,EXISTING
046970,우리로,2026-02-09,EXISTING
198440,강동씨앤엘,2026-02-09,EXISTING
066980,한성크린텍,2026-02-09,EXISTING
142760,모아라이프플러스,2026-02-09,EXISTING
452160,제이엔비,2026-02-09,EXISTING
042110,에스씨디,2026-02-09,EXISTING
011300,성안머티리얼스,2026-02-09,EXISTING
000950,전방,2026-02-09,EXISTING
037330,인지디스플레,2026-02-09,EXISTING
127980,화인써키트,2026-02-09,EXISTING
185490,아이진,2026-02-09,EXISTING
058730,다스코,2026-02-09,EXISTING
095270,웨이브일렉트로,2026-02-09,EXISTING
038680,에스넷,2026-02-09,EXISTING
128540,에코캡,2026-02-09,EXISTING
002630,오리엔트바이오,2026-02-09,EXISTING
078590,휴림에이텍,2026-02-09,EXISTING
017040,광명전기,2026-02-09,EXISTING
048770,TPC,2026-02-09,EXISTING
246690,TS인베스트먼트,2026-02-09,EXISTING
219420,링크제니시스,2026-02-09,EXISTING
001620,케이비아이동국실업,2026-02-09,EXISTING
364950,에이아이코리아,2026-02-09,EXISTING
122690,서진오토모티브,2026-02-09,EXISTING
222420,쎄노텍,2026-02-09,EXISTING
047400,유니온머티리얼,2026-02-09,EXISTING
155660,DSR,2026-02-09,EXISTING
002140,고려산업,2026-02-09,EXISTING
357250,미래에셋맵스리츠,2026-02-09,EXISTING
208860,다산디엠씨,2026-02-09,EXISTING
218150,미래생명자원,2026-02-09,EXISTING
065530,와이어블,2026-02-09,EXISTING
005670,푸드웰,2026-02-09,EXISTING
025560,미래산업,2026-02-09,EXISTING
200230,텔콘RF제약,2026-02-09,EXISTING
432430,와이랩,2026-02-09,EXISTING
471820,셀로맥스사이언스,2026-02-09,EXISTING
007720,소노스퀘어,2026-02-09,EXISTING
053980,오상자이엘,2026-02-09,EXISTING
037440,희림,2026-02-09,EXISTING
014990,인디에프,2026-02-09,EXISTING
024840,KBI메탈,2026-02-09,EXISTING
017180,명문제약,2026-02-09,EXISTING
050960,수산아이앤티,2026-02-09,EXISTING
466410,사이냅소프트,2026-02-09,EXISTING
009190,대양금속,2026-02-09,EXISTING
294090,이오플로우,2026-02-09,EXISTING
072470,우리산업홀딩스,2026-02-09,EXISTING
037760,쎄니트,2026-02-09,EXISTING
065130,탑엔지니어링,2026-02-09,EXISTING
023960,에쓰씨엔지니어링,2026-02-09,EXISTING
004450,삼화왕관,2026-02-09,EXISTING
122310,제노레이,2026-02-09,EXISTING
452200,민테크,2026-02-09,EXISTING
072130,유엔젤,2026-02-09,EXISTING
072770,멤레이비티,2026-02-09,EXISTING
100660,서암기계공업,2026-02-09,EXISTING
260660,알리코제약,2026-02-09,EXISTING
010240,흥국,2026-02-09,EXISTING
075180,새론오토모티브,2026-02-09,EXISTING
419120,산돌,2026-02-09,EXISTING
087600,픽셀플러스,2026-02-09,EXISTING
354200,엔젠바이오,2026-02-09,EXISTING
015710,코콤,2026-02-09,EXISTING
377030,비트맥스,2026-02-09,EXISTING
321820,아티스트컴퍼니,2026-02-09,EXISTING
263690,디알젬,2026-02-09,EXISTING
28513K,SK케미칼우,,
062970,한국첨단소재,2026-02-09,EXISTING
033830,티비씨,2026-02-09,EXISTING
177900,쓰리에이로직스,2026-02-09,EXISTING
373160,데이원컴퍼니,2026-02-09,EXISTING
238120,얼라인드,2026-02-09,EXISTING
123840,뉴온,2026-02-09,EXISTING
133820,화인베스틸,2026-02-09,EXISTING
004920,씨아이테크,2026-02-09,EXISTING
088340,유라클,2026-02-09,EXISTING
054780,키이스트,2026-02-09,EXISTING
004780,대륙제관,2026-02-09,EXISTING
021050,서원,2026-02-09,EXISTING
314140,알피바이오,2026-02-09,EXISTING
069730,DSR제강,2026-02-09,EXISTING
004770,써니전자,2026-02-09,EXISTING
308170,씨티알모빌리티,2026-02-09,EXISTING
440290,HB인베스트먼트,2026-02-09,EXISTING
061040,알에프텍,2026-02-09,EXISTING
099520,DGI,2026-02-09,EXISTING
033540,파라텍,2026-02-09,EXISTING
256630,포인트엔지니어링,2026-02-09,EXISTING
173940,에프엔씨엔터,2026-02-09,EXISTING
114450,그린생명과학,2026-02-09,EXISTING
038070,서린바이오,2026-02-09,EXISTING
245620,EDGC,2026-02-09,EXISTING
307280,원바이오젠,2026-02-09,EXISTING
361570,알비더블유,2026-02-09,EXISTING
123700,SJM,2026-02-09,EXISTING
008370,원풍,2026-02-09,EXISTING
004410,서울식품,2026-02-09,EXISTING
041650,상신브레이크,2026-02-09,EXISTING
053620,태양,2026-02-09,EXISTING
067920,이글루,2026-02-09,EXISTING
000890,보해양조,2026-02-09,EXISTING
100590,머큐리,2026-02-09,EXISTING
122830,원포유,2026-02-09,EXISTING
076610,해성옵틱스,2026-02-09,EXISTING
001000,신라섬유,2026-02-09,EXISTING
051490,나라엠앤디,2026-02-09,EXISTING
171010,램테크놀러지,2026-02-09,EXISTING
317240,TS트릴리온,2026-02-09,EXISTING
199480,뱅크웨어글로벌,2026-02-09,EXISTING
052860,아이앤씨,2026-02-09,EXISTING
013720,THE CUBE&,2026-02-09,EXISTING
352700,씨앤투스,2026-02-09,EXISTING
078860,스테이지원엔터,2026-02-09,EXISTING
137080,나래나노텍,2026-02-09,EXISTING
090410,덕신이피씨,2026-02-09,EXISTING
021880,메이슨캐피탈,2026-02-09,EXISTING
006980,우성,2026-02-09,EXISTING
481850,신한글로벌액티브리츠,2026-02-09,EXISTING
066670,디티씨,2026-02-09,EXISTING
119500,포메탈,2026-02-09,EXISTING
010770,평화홀딩스,2026-02-09,EXISTING
066130,하츠,2026-02-09,EXISTING
006370,대구백화점,2026-02-09,EXISTING
003475,유안타증권우,2026-02-09,EXISTING
088910,동우팜투테이블,2026-02-09,EXISTING
186230,그린플러스,2026-02-09,EXISTING
037230,한국팩키지,2026-02-09,EXISTING
007530,와이엠,2026-02-09,EXISTING
217480,에스디생명공학,2026-02-09,EXISTING
002920,유성기업,2026-02-09,EXISTING
052460,아이크래프트,2026-02-09,EXISTING
024950,삼천리자전거,2026-02-09,EXISTING
189690,포시에스,2026-02-09,EXISTING
001210,금호전기,2026-02-09,EXISTING
045340,토탈소프트,2026-02-09,EXISTING
079000,와토스코리아,2026-02-09,EXISTING
044960,이글벳,2026-02-09,EXISTING
003080,SB성보,2026-02-09,EXISTING
219750,한국비티비,2026-02-09,EXISTING
250000,보라티알,2026-02-09,EXISTING
007610,선도전기,2026-02-09,EXISTING
026040,제이에스티나,2026-02-09,EXISTING
057680,티사이언티픽,2026-02-09,EXISTING
036180,지더블유바이텍,2026-02-09,EXISTING
237820,플레이디,2026-02-09,EXISTING
038010,제일테크노스,2026-02-09,EXISTING
025530,SJM홀딩스,2026-02-09,EXISTING
198080,캐프,2026-02-09,EXISTING
038880,아이에이,2026-02-09,EXISTING
219550,디와이디,2026-02-09,EXISTING
080530,코디,2026-02-09,EXISTING
032960,동일기연,2026-02-09,EXISTING
184230,SGA솔루션즈,2026-02-09,EXISTING
200350,아티스트스튜디오,2026-02-09,EXISTING
011230,삼화전자,2026-02-09,EXISTING
464280,티디에스팜,2026-02-09,EXISTING
001465,BYC우,2026-02-09,EXISTING
007680,대원,2026-02-09,EXISTING
206400,베노티앤알,2026-02-09,EXISTING
002410,범양건영,2026-02-09,EXISTING
011420,갤럭시아에스엠,2026-02-09,EXISTING
221840,하이즈항공,2026-02-09,EXISTING
056700,신화인터텍,2026-02-09,EXISTING
109960,앱토크롬,2026-02-09,EXISTING
263770,유에스티,2026-02-09,EXISTING
097780,에코볼트,2026-02-09,EXISTING
153460,네이블,2026-02-09,EXISTING
097870,효성오앤비,2026-02-09,EXISTING
096630,에스코넥,2026-02-09,EXISTING
200780,비씨월드제약,2026-02-09,EXISTING
105760,포스뱅크,2026-02-09,EXISTING
073570,리튬포어스,2026-02-09,EXISTING
004870,티웨이홀딩스,2026-02-09,EXISTING
037370,EG,2026-02-09,EXISTING
290090,트윔,2026-02-09,EXISTING
170790,파이오링크,2026-02-09,EXISTING
090080,평화산업,2026-02-09,EXISTING
224110,에이텍모빌리티,2026-02-09,EXISTING
009320,아진전자부품,2026-02-09,EXISTING
118000,메타케어,2026-02-09,EXISTING
049800,우진플라임,2026-02-09,EXISTING
024940,PN풍년,2026-02-09,EXISTING
033200,모아텍,2026-02-09,EXISTING
008250,이건산업,2026-02-09,EXISTING
096610,알에프세미,2026-02-09,EXISTING
195990,에이비프로바이오,2026-02-09,EXISTING
069410,엔텔스,2026-02-09,EXISTING
223310,사토시홀딩스,2026-02-09,EXISTING
37550K,DL이앤씨우,,
093240,형지엘리트,2026-02-09,EXISTING
126640,화신정공,2026-02-09,EXISTING
336060,웨이버스,2026-02-09,EXISTING
016600,큐캐피탈,2026-02-09,EXISTING
286750,나노실리칸첨단소재,2026-02-09,EXISTING
363260,모비데이즈,2026-02-09,EXISTING
053950,경남제약,2026-02-09,EXISTING
032790,엠젠솔루션,2026-02-09,EXISTING
060850,영림원소프트랩,2026-02-09,EXISTING
351870,차이커뮤니케이션,2026-02-09,EXISTING
376290,씨유테크,2026-02-09,EXISTING
455180,케이지에이,2026-02-09,EXISTING
057540,옴니시스템,2026-02-09,EXISTING
025440,DH오토웨어,2026-02-09,EXISTING
239890,피엔에이치테크,2026-02-09,EXISTING
263810,상신전자,2026-02-09,EXISTING
359090,씨엔알리서치,2026-02-09,EXISTING
109820,진매트릭스,2026-02-09,EXISTING
465480,인스피언,2026-02-09,EXISTING
023350,한국종합기술,2026-02-09,EXISTING
450520,인스웨이브,2026-02-09,EXISTING
103840,우양,2026-02-09,EXISTING
178780,일월지엠엘,2026-02-09,EXISTING
464500,아이언디바이스,2026-02-09,EXISTING
027740,마니커,2026-02-09,EXISTING
033560,블루콤,2026-02-09,EXISTING
012280,영화금속,2026-02-09,EXISTING
318020,포인트모바일,2026-02-09,EXISTING
332290,누보,2026-02-09,EXISTING
006125,SK디스커버리우,2026-02-09,EXISTING
056360,코위버,2026-02-09,EXISTING
420570,제이투케이바이오,2026-02-09,EXISTING
469750,아이비젼웍스,2026-02-09,EXISTING
190650,코리아에셋투자증권,2026-02-09,EXISTING
460470,아이빔테크놀로지,2026-02-09,EXISTING
462510,라메디텍,2026-02-09,EXISTING
109080,옵티시스,2026-02-09,EXISTING
039290,인포뱅크,2026-02-09,EXISTING
008870,금비,2026-02-09,EXISTING
025750,한솔홈데코,2026-02-09,EXISTING
430690,한싹,2026-02-09,EXISTING
450330,하스,2026-02-09,EXISTING
072950,빛샘전자,2026-02-09,EXISTING
257990,나우코스,2026-02-09,EXISTING
143540,영우디에스피,2026-02-09,EXISTING
321260,프로이천,2026-02-09,EXISTING
398120,에스지헬스케어,2026-02-09,EXISTING
258610,케일럼,2026-02-09,EXISTING
043200,파루,2026-02-09,EXISTING
357430,마스턴프리미어리츠,2026-02-09,EXISTING
049830,승일,2026-02-09,EXISTING
271830,팸텍,2026-02-09,EXISTING
148780,비큐AI,2026-02-09,EXISTING
002880,대유에이텍,2026-02-09,EXISTING
082660,코스나인,2026-02-09,EXISTING
068050,팬엔터테인먼트,2026-02-09,EXISTING
089150,케이씨티,2026-02-09,EXISTING
003465,유화증권우,2026-02-09,EXISTING
006050,국영지앤엠,2026-02-09,EXISTING
418250,시큐레터,2026-02-09,EXISTING
012160,영흥,2026-02-09,EXISTING
389680,유디엠텍,2026-02-09,EXISTING
203450,유니온바이오메트릭스,2026-02-09,EXISTING
417860,오브젠,2026-02-09,EXISTING
335810,프리시젼바이오,2026-02-09,EXISTING
376180,피코그램,2026-02-09,EXISTING
464580,닷밀,2026-02-09,EXISTING
297570,알로이스,2026-02-09,EXISTING
094970,제이엠티,2026-02-09,EXISTING
434480,모니터랩,2026-02-09,EXISTING
083550,케이엠,2026-02-09,EXISTING
147760,피엠티,2026-02-09,EXISTING
210120,캔버스엔,2026-02-09,EXISTING
020760,일진디스플,2026-02-09,EXISTING
065950,웰크론,2026-02-09,EXISTING
057030,YBM넷,2026-02-09,EXISTING
115610,이미지스,2026-02-09,EXISTING
027580,상보,2026-02-09,EXISTING
007815,코리아써우,2026-02-09,EXISTING
123010,아이윈플러스,2026-02-09,EXISTING
051390,YW,2026-02-09,EXISTING
043100,알파AI,2026-02-09,EXISTING
006740,블루산업개발,2026-02-09,EXISTING
355390,크라우드웍스,2026-02-09,EXISTING
475660,에스켐,2026-02-09,EXISTING
036690,코맥스,2026-02-09,EXISTING
291650,압타머사이언스,2026-02-09,EXISTING
002290,삼일기업공사,2026-02-09,EXISTING
257370,피엔티엠에스,2026-02-09,EXISTING
475460,미트박스,2026-02-09,EXISTING
452300,캡스톤파트너스,2026-02-09,EXISTING
356890,싸이버원,2026-02-09,EXISTING
071950,코아스,2026-02-09,EXISTING
019770,서연탑메탈,2026-02-09,EXISTING
000760,이화산업,2026-02-09,EXISTING
270870,뉴트리,2026-02-09,EXISTING
131100,티엔엔터테인먼트,2026-02-09,EXISTING
070300,엑스큐어,2026-02-09,EXISTING
025880,케이씨피드,2026-02-09,EXISTING
277410,인산가,2026-02-09,EXISTING
065370,위세아이텍,2026-02-09,EXISTING
066910,손오공,2026-02-09,EXISTING
444530,심플랫폼,2026-02-09,EXISTING
140520,대창스틸,2026-02-09,EXISTING
073110,엘엠에스,2026-02-09,EXISTING
195500,마니커에프앤지,2026-02-09,EXISTING
049080,기가레인,2026-02-09,EXISTING
150900,파수,2026-02-09,EXISTING
342870,오아,,
046390,삼화네트웍스,2026-02-09,EXISTING
133750,메가엠디,2026-02-09,EXISTING
051630,진양화학,2026-02-09,EXISTING
014570,고려제약,2026-02-09,EXISTING
146060,율촌,2026-02-09,EXISTING
196450,코아시아씨엠,2026-02-09,EXISTING
069140,누리플랜,2026-02-09,EXISTING
145270,케이탑리츠,2026-02-09,EXISTING
043340,에쎈테크,2026-02-09,EXISTING
038870,에코바이오,2026-02-09,EXISTING
090370,메타랩스,2026-02-09,EXISTING
003535,한화투자증권우,2026-02-09,EXISTING
239610,에이치엘사이언스,2026-02-09,EXISTING
019175,신풍제약우,2026-02-09,EXISTING
067170,오텍,2026-02-09,EXISTING
050860,아세아텍,2026-02-09,EXISTING
900270,헝셩그룹,2026-02-09,EXISTING
256150,한독크린텍,2026-02-09,EXISTING
200580,메디쎄이,2026-02-09,EXISTING
066900,디에이피,2026-02-09,EXISTING
220180,핸디소프트,2026-02-09,EXISTING
353590,오토앤,2026-02-09,EXISTING
465770,STX그린로지스,2026-02-09,EXISTING
109070,주성코퍼레이션,2026-02-09,EXISTING
340810,시선AI,2026-02-09,EXISTING
114630,폴라리스우노,2026-02-09,EXISTING
300120,라온피플,2026-02-09,EXISTING
101240,씨큐브,2026-02-09,EXISTING
412350,레이저쎌,2026-02-09,EXISTING
900300,오가닉티코스메틱,2026-02-09,EXISTING
096690,에이루트,2026-02-09,EXISTING
239340,이스트에이드,2026-02-09,EXISTING
290120,DH오토리드,2026-02-09,EXISTING
123570,이엠넷,2026-02-09,EXISTING
377220,프롬바이오,2026-02-09,EXISTING
014910,성문전자,2026-02-09,EXISTING
221980,케이디켐,2026-02-09,EXISTING
052600,한네트,2026-02-09,EXISTING
091590,남화토건,2026-02-09,EXISTING
263020,디케이앤디,2026-02-09,EXISTING
008420,문배철강,2026-02-09,EXISTING
038620,위즈코프,2026-02-09,EXISTING
254120,자비스,2026-02-09,EXISTING
406820,뷰티스킨,2026-02-09,EXISTING
438700,버넥트,2026-02-09,EXISTING
106240,파인테크닉스,2026-02-09,EXISTING
129890,앱코,2026-02-09,EXISTING
060900,에이전트AI,2026-02-09,EXISTING
086040,바이오톡스텍,2026-02-09,EXISTING
000215,DL우,2026-02-09,EXISTING
019490,엑시큐어하이트론,2026-02-09,EXISTING
024120,KB오토시스,2026-02-09,EXISTING
053160,프리엠스,2026-02-09,EXISTING
189330,씨이랩,2026-02-09,EXISTING
026940,부국철강,2026-02-09,EXISTING
081580,성우전자,2026-02-09,EXISTING
196700,웹스,2026-02-09,EXISTING
191410,육일씨엔에쓰,2026-02-09,EXISTING
075970,동국알앤에스,2026-02-09,EXISTING
134790,시디즈,2026-02-09,EXISTING
123750,알톤,2026-02-09,EXISTING
189860,서전기전,2026-02-09,EXISTING
042040,케이피엠테크,2026-02-09,EXISTING
387570,파인메딕스,2026-02-09,EXISTING
301300,바이브컴퍼니,2026-02-09,EXISTING
056730,CNT85,2026-02-09,EXISTING
050110,캠시스,2026-02-09,EXISTING
086060,진바이오텍,2026-02-09,EXISTING
318410,비비씨,2026-02-09,EXISTING
250030,진코스텍,2026-02-09,EXISTING
204020,그리티,2026-02-09,EXISTING
337840,유엑스엔,2026-02-09,EXISTING
187270,신화콘텍,2026-02-09,EXISTING
045060,오공,2026-02-09,EXISTING
052300,오션인더블유,2026-02-09,EXISTING
452980,신한제11호스팩,2026-02-09,EXISTING
064090,인크레더블버즈,2026-02-09,EXISTING
009810,플레이그램,2026-02-09,EXISTING
031310,아이즈비전,2026-02-09,EXISTING
318000,KBG,2026-02-09,EXISTING
017000,신원종합개발,2026-02-09,EXISTING
002870,신풍,2026-02-09,EXISTING
089140,넥스턴앤롤코리아,2026-02-09,EXISTING
075130,플랜티넷,2026-02-09,EXISTING
065440,이루온,2026-02-09,EXISTING
115160,휴맥스,2026-02-09,EXISTING
115480,씨유메디칼,2026-02-09,EXISTING
002360,SH에너지화학,2026-02-09,EXISTING
340440,세림B&G,2026-02-09,EXISTING
238090,앤디포스,2026-02-09,EXISTING
009730,이렘,2026-02-09,EXISTING
099390,브레인즈컴퍼니,2026-02-09,EXISTING
101000,KS인더스트리,2026-02-09,EXISTING
177830,파버나인,2026-02-09,EXISTING
360350,코셈,2026-02-09,EXISTING
140430,카티스,2026-02-09,EXISTING
298060,에스씨엠생명과학,2026-02-09,EXISTING
005030,부산주공,2026-02-09,EXISTING
215380,우정바이오,2026-02-09,EXISTING
020180,대신정보통신,2026-02-09,EXISTING
431190,케이쓰리아이,2026-02-09,EXISTING
397810,애드포러스,2026-02-09,EXISTING
013810,스페코,2026-02-09,EXISTING
900310,컬러레이,2026-02-09,EXISTING
127710,아시아경제,2026-02-09,EXISTING
050120,ES큐브,2026-02-09,EXISTING
021650,한국큐빅,2026-02-09,EXISTING
263920,휴엠앤씨,2026-02-09,EXISTING
192410,오늘이엔엠,2026-02-09,EXISTING
066360,체리부로,2026-02-09,EXISTING
363250,진시스템,2026-02-09,EXISTING
229000,젠큐릭스,2026-02-09,EXISTING
074610,이엔플러스,2026-02-09,EXISTING
064520,테크엘,2026-02-09,EXISTING
000040,KR모터스,2026-02-09,EXISTING
032580,피델릭스,2026-02-09,EXISTING
071850,캐스텍코리아,2026-02-09,EXISTING
109670,씨싸이트,2026-02-09,EXISTING
130500,GH신소재,2026-02-09,EXISTING
012620,원일특강,2026-02-09,EXISTING
038530,케이바이오,2026-02-09,EXISTING
303530,이노뎁,2026-02-09,EXISTING
208640,썸에이지,2026-02-09,EXISTING
089230,THE E&M,2026-02-09,EXISTING
094860,네오리진,2026-02-09,EXISTING
006920,모헨즈,2026-02-09,EXISTING
462310,뉴키즈온,2026-02-09,EXISTING
059100,아이컴포넌트,2026-02-09,EXISTING
291230,엔피,2026-02-09,EXISTING
262840,아이퀘스트,2026-02-09,EXISTING
196490,디에이테크놀로지,2026-02-09,EXISTING
290270,휴네시온,2026-02-09,EXISTING
900340,윙입푸드,2026-02-09,EXISTING
001840,이화공영,2026-02-09,EXISTING
054220,비츠로시스,2026-02-09,EXISTING
284620,카이노스메드,2026-02-09,EXISTING
169330,엠브레인,2026-02-09,EXISTING
33637K,솔루스첨단소재1우,,
238490,힘스,2026-02-09,EXISTING
068940,셀피글로벌,2026-02-09,EXISTING
228340,동양파일,2026-02-09,EXISTING
335870,윙스풋,2026-02-09,EXISTING
462980,아이지넷,2026-02-09,EXISTING
274400,이노시뮬레이션,2026-02-09,EXISTING
263050,유틸렉스,2026-02-09,EXISTING
331920,셀레믹스,2026-02-09,EXISTING
440320,오픈놀,2026-02-09,EXISTING
225220,제놀루션,2026-02-09,EXISTING
131220,대한과학,2026-02-09,EXISTING
001070,대한방직,2026-02-09,EXISTING
035200,프럼파스트,2026-02-09,EXISTING
351320,넥사다이내믹스,2026-02-09,EXISTING
237750,피앤씨테크,2026-02-09,EXISTING
35320K,대덕전자1우,,
080520,오디텍,2026-02-09,EXISTING
005360,모나미,2026-02-09,EXISTING
354390,바스칸바이오제약,2026-02-09,EXISTING
383930,디티앤씨알오,2026-02-09,EXISTING
376980,원티드랩,2026-02-09,EXISTING
101400,엔시트론,2026-02-09,EXISTING
083640,인콘,2026-02-09,EXISTING
019660,글로본,2026-02-09,EXISTING
048470,대동스틸,2026-02-09,EXISTING
060540,에스에이티,2026-02-09,EXISTING
179530,애드바이오텍,2026-02-09,EXISTING
258790,소프트캠프,2026-02-09,EXISTING
270210,에스알바이오텍,2026-02-09,EXISTING
367000,플래티어,2026-02-09,EXISTING
227420,도부,2026-02-09,EXISTING
004365,세방우,2026-02-09,EXISTING
236810,엔비티,2026-02-09,EXISTING
088280,쏘닉스,2026-02-09,EXISTING
451700,엔에이치스팩29호,2026-02-09,EXISTING
153490,우리이앤엘,2026-02-09,EXISTING
008470,부스타,2026-02-09,EXISTING
188040,바이오포트,2026-02-09,EXISTING
016100,리더스코스메틱,2026-02-09,EXISTING
405920,나라셀라,2026-02-09,EXISTING
131760,파인텍,2026-02-09,EXISTING
018680,서울제약,2026-02-09,EXISTING
005820,원림,2026-02-09,EXISTING
033250,체시스,2026-02-09,EXISTING
232830,아이티센피엔에스,2026-02-09,EXISTING
022220,티케이지애강,2026-02-09,EXISTING
014130,한익스프레스,2026-02-09,EXISTING
002025,코오롱우,2026-02-09,EXISTING
049120,파인디앤씨,2026-02-09,EXISTING
495810,유비씨,2026-02-09,EXISTING
079170,한창산업,2026-02-09,EXISTING
446070,유니드비티플러스,2026-02-09,EXISTING
024890,대원화성,2026-02-09,EXISTING
252500,세화피앤씨,2026-02-09,EXISTING
138070,신진에스엠,2026-02-09,EXISTING
085810,알티캐스트,2026-02-09,EXISTING
018700,바른손,2026-02-09,EXISTING
013000,세우글로벌,2026-02-09,EXISTING
216400,인바이츠바이오코아,2026-02-09,EXISTING
446440,에피바이오텍,2026-02-09,EXISTING
317120,라닉스,2026-02-09,EXISTING
139670,키네마스터,2026-02-09,EXISTING
003680,한성기업,2026-02-09,EXISTING
006570,대림통상,2026-02-09,EXISTING
002690,동일제강,2026-02-09,EXISTING
023150,MH에탄올,2026-02-09,EXISTING
080470,성창오토텍,2026-02-09,EXISTING
045300,성우테크론,2026-02-09,EXISTING
193250,링크드,2026-02-09,EXISTING
006200,한국전자홀딩스,2026-02-09,EXISTING
068100,케이웨더,,
009140,경인전자,2026-02-09,EXISTING
095910,에스에너지,2026-02-09,EXISTING
222980,한국맥널티,2026-02-09,EXISTING
038060,루멘스,2026-02-09,EXISTING
112190,KC산업,,
016670,디모아,2026-02-09,EXISTING
007120,미래아이앤지,2026-02-09,EXISTING
032750,삼진,2026-02-09,EXISTING
012170,아센디오,2026-02-09,EXISTING
053290,NE능률,2026-02-09,EXISTING
372800,아이티아이즈,2026-02-09,EXISTING
159910,에코글로우,2026-02-09,EXISTING
290560,신시웨이,,
429270,시지트로닉스,,
131090,시큐브,2026-02-09,EXISTING
011090,에넥스,2026-02-09,EXISTING
069920,엑시온그룹,2026-02-09,EXISTING
001810,무림SP,2026-02-09,EXISTING
148930,에이치와이티씨,2026-02-09,EXISTING
009460,한창제지,2026-02-09,EXISTING
034940,조아제약,2026-02-09,EXISTING
457600,벡트,2026-02-09,EXISTING
005320,온타이드,2026-02-09,EXISTING
466910,엔에이치스팩30호,2026-02-09,EXISTING
002820,SUN&L,2026-02-09,EXISTING
208710,포톤,2026-02-09,EXISTING
010400,우진아이엔에스,2026-02-09,EXISTING
417180,핑거스토리,2026-02-09,EXISTING
311060,엘에이티,,
403360,라피치,2026-02-09,EXISTING
023790,동일스틸럭스,2026-02-09,EXISTING
088290,이원컴포텍,2026-02-09,EXISTING
047080,한빛소프트,2026-02-09,EXISTING
246250,에스엘에스바이오,2026-02-09,EXISTING
279600,미디어젠,2026-02-09,EXISTING
076080,웰크론한텍,2026-02-09,EXISTING
084180,수성웹툰,2026-02-09,EXISTING
333050,모코엠시스,2026-02-09,EXISTING
038950,파인디지털,2026-02-09,EXISTING
308100,형지글로벌,2026-02-09,EXISTING
33626L,두산퓨얼셀2우B,,
090150,아이윈,2026-02-09,EXISTING
002420,세기상사,2026-02-09,EXISTING
011080,형지I&C,2026-02-09,EXISTING
058110,멕아이씨에스,2026-02-09,EXISTING
432980,엠에프씨,2026-02-09,EXISTING
004270,남성,2026-02-09,EXISTING
069640,한세엠케이,2026-02-09,EXISTING
179720,머니무브,2026-02-09,EXISTING
224060,더코디,2026-02-09,EXISTING
328380,솔트웨어,2026-02-09,EXISTING
007770,한일화학,2026-02-09,EXISTING
035460,기산텔레콤,2026-02-09,EXISTING
45226K,한화갤러리아우,,
067010,이씨에스,2026-02-09,EXISTING
214610,롤링스톤,2026-02-09,EXISTING
019570,플루토스,2026-02-09,EXISTING
227610,아우딘퓨쳐스,2026-02-09,EXISTING
010640,진양폴리,2026-02-09,EXISTING
131180,딜리,2026-02-09,EXISTING
079650,서산,2026-02-09,EXISTING
267790,배럴,2026-02-09,EXISTING
060380,동양에스텍,2026-02-09,EXISTING
103230,에스앤더블류,2026-02-09,EXISTING
083660,CSA 코스믹,2026-02-09,EXISTING
162120,루켄테크놀러지스,2026-02-09,EXISTING
051380,피씨디렉트,2026-02-09,EXISTING
197140,디지캡,2026-02-09,EXISTING
373110,엑셀세라퓨틱스,2026-02-09,EXISTING
033050,제이엠아이,2026-02-09,EXISTING
290520,신도기연,2026-02-09,EXISTING
036480,대성미생물,2026-02-09,EXISTING
377330,이지트로닉스,2026-02-09,EXISTING
187220,디티앤씨,2026-02-09,EXISTING
045510,정원엔시스,2026-02-09,EXISTING
031510,오스템,2026-02-09,EXISTING
043590,웰킵스하이텍,2026-02-09,EXISTING
024070,WISCOM,2026-02-09,EXISTING
362990,드림인사이트,2026-02-09,EXISTING
030720,동원수산,2026-02-09,EXISTING
148250,알엔투테크놀로지,2026-02-09,EXISTING
331520,밸로프,2026-02-09,EXISTING
288980,모아데이타,2026-02-09,EXISTING
093380,풍강,2026-02-09,EXISTING
355690,에이텀,2026-02-09,EXISTING
043220,티에스넥스젠,2026-02-09,EXISTING
008775,호텔신라우,2026-02-09,EXISTING
051780,큐로홀딩스,2026-02-09,EXISTING
318010,팜스빌,2026-02-09,EXISTING
418620,E8,2026-02-09,EXISTING
296640,이노룰스,2026-02-09,EXISTING
258830,세종메디칼,2026-02-09,EXISTING
032080,아즈텍WB,2026-02-09,EXISTING
091340,S&K폴리텍,2026-02-09,EXISTING
198940,한주라이트메탈,2026-02-09,EXISTING
464680,KB제27호스팩,,
240600,유진테크놀로지,2026-02-09,EXISTING
217620,선샤인푸드,2026-02-09,EXISTING
243870,아이티센코어,2026-02-09,EXISTING
002355,넥센타이어1우B,2026-02-09,EXISTING
348030,모비릭스,2026-02-09,EXISTING
009620,삼보산업,2026-02-09,EXISTING
044380,주연테크,2026-02-09,EXISTING
016920,카스,2026-02-09,EXISTING
233990,질경이,2026-02-09,EXISTING
303030,지니틱스,2026-02-09,EXISTING
291810,핀텔,2026-02-09,EXISTING
021040,대호특수강,2026-02-09,EXISTING
005110,한창,2026-02-09,EXISTING
003495,대한항공우,2026-02-09,EXISTING
023770,플레이위드,2026-02-09,EXISTING
154030,아시아종묘,2026-02-09,EXISTING
032680,소프트센,2026-02-09,EXISTING
353190,휴럼,2026-02-09,EXISTING
312610,에이에프더블류,2026-02-09,EXISTING
419540,비스토스,2026-02-09,EXISTING
002210,동성제약,2026-02-09,EXISTING
434190,탈로스,2026-02-09,EXISTING
278990,EMB,2026-02-09,EXISTING
059180,엔더블유시,,
285800,진영,2026-02-09,EXISTING
067730,로지시스,2026-02-09,EXISTING
037400,우리엔터프라이즈,2026-02-09,EXISTING
208350,지란지교시큐리티,2026-02-09,EXISTING
130740,티피씨글로벌,2026-02-09,EXISTING
900070,글로벌에스엠,2026-02-09,EXISTING
206950,볼빅,,
012340,뉴인텍,2026-02-09,EXISTING
002070,비비안,2026-02-09,EXISTING
143210,핸즈코퍼레이션,2026-02-09,EXISTING
415380,스튜디오삼익,2026-02-09,EXISTING
310870,디와이씨,2026-02-09,EXISTING
084870,TBH글로벌,2026-02-09,EXISTING
309930,조이웍스앤코,2026-02-09,EXISTING
070590,한솔인티큐브,,
900110,이스트아시아홀딩스,2026-02-09,EXISTING
322780,코퍼스코리아,2026-02-09,EXISTING
101680,한국정밀기계,2026-02-09,EXISTING
113810,디젠스,,
088790,진도,2026-02-09,EXISTING
053060,세동,,
035620,바른손이앤에이,2026-02-09,EXISTING
039740,한국정보공학,2026-02-09,EXISTING
063760,이엘피,2026-02-09,EXISTING
137940,넥스트아이,2026-02-09,EXISTING
192390,윈하이텍,2026-02-09,EXISTING
139050,BF랩스,2026-02-09,EXISTING
276730,한울앤제주,2026-02-09,EXISTING
00499K,롯데지주우,,
115570,스타플렉스,2026-02-09,EXISTING
001420,태원물산,2026-02-09,EXISTING
900100,애머릿지,2026-02-09,EXISTING
238200,비피도,2026-02-09,EXISTING
065650,하이퍼코퍼레이션,2026-02-09,EXISTING
207490,에이펙스인텍,2026-02-09,EXISTING
001685,대상우,2026-02-09,EXISTING
304840,피플바이오,2026-02-09,EXISTING
204630,스튜디오산타클로스,2026-02-09,EXISTING
015020,이스타코,2026-02-09,EXISTING
060230,제이케이시냅스,2026-02-09,EXISTING
039310,세중,2026-02-09,EXISTING
276040,스코넥,2026-02-09,EXISTING
032280,삼일,2026-02-09,EXISTING
226340,본느,2026-02-09,EXISTING
083470,이엠앤아이,2026-02-09,EXISTING
018620,우진비앤지,2026-02-09,EXISTING
044780,에이치케이,2026-02-09,EXISTING
373170,엠아이큐브솔루션,2026-02-09,EXISTING
065150,대산F&B,2026-02-09,EXISTING
225590,패션플랫폼,2026-02-09,EXISTING
008600,윌비스,2026-02-09,EXISTING
073540,에프알텍,2026-02-09,EXISTING
352940,인바이오,2026-02-09,EXISTING
347770,핌스,2026-02-09,EXISTING
076340,지에이이노더스,,
336040,타스컴,2026-02-09,EXISTING
020400,대동금속,2026-02-09,EXISTING
177350,베셀,2026-02-09,EXISTING
199730,바이오인프라,,
028080,휴맥스홀딩스,2026-02-09,EXISTING
289010,아이스크림에듀,2026-02-09,EXISTING
019685,대교우B,2026-02-09,EXISTING
002680,한탑,2026-02-09,EXISTING
045520,크린앤사이언스,2026-02-09,EXISTING
424760,벨로크,2026-02-09,EXISTING
054940,엑사이엔씨,2026-02-09,EXISTING
043360,디지아이,2026-02-09,EXISTING
044480,빌리언스,2026-02-09,EXISTING
247660,나노씨엠에스,2026-02-09,EXISTING
001770,SHD,2026-02-09,EXISTING
080720,한국유니온제약,2026-02-09,EXISTING
115530,씨엔플러스,2026-02-09,EXISTING
017250,인터엠,2026-02-09,EXISTING
110020,전진바이오팜,2026-02-09,EXISTING
230980,비유테크놀러지,2026-02-09,EXISTING
102950,아하,2026-02-09,EXISTING
405000,플라즈맵,2026-02-09,EXISTING
365900,브이씨,2026-02-09,EXISTING
025870,신라에스지,2026-02-09,EXISTING
154040,다산솔루에타,2026-02-09,EXISTING
215790,이노인스트루먼트,2026-02-09,EXISTING
084440,유비온,2026-02-09,EXISTING
054410,케이피티유,2026-02-09,EXISTING
091970,나노캠텍,2026-02-09,EXISTING
18064K,한진칼우,,
005257,녹십자홀딩스2우,2026-02-09,EXISTING
121890,에스디시스템,2026-02-09,EXISTING
050760,에스폴리텍,2026-02-09,EXISTING
322970,무진메디,2026-02-09,EXISTING
368600,아이씨에이치,2026-02-09,EXISTING
025890,한국주강,2026-02-09,EXISTING
344860,이노진,2026-02-09,EXISTING
134060,이퓨쳐,2026-02-09,EXISTING
176590,코나솔,2026-02-09,EXISTING
054090,삼진엘앤디,2026-02-09,EXISTING
361670,삼영에스앤씨,2026-02-09,EXISTING
096870,엘디티,2026-02-09,EXISTING
092600,앤씨앤,2026-02-09,EXISTING
032800,판타지오,2026-02-09,EXISTING
015260,에이엔피,2026-02-09,EXISTING
014100,메디앙스,2026-02-09,EXISTING
098660,에스티오,,
145210,다이나믹디자인,2026-02-09,EXISTING
317860,노드메이슨,2026-02-09,EXISTING
215480,토박스코리아,2026-02-09,EXISTING
067770,세진티에스,2026-02-09,EXISTING
222670,플럼라인생명과학,2026-02-09,EXISTING
065690,파커스,2026-02-09,EXISTING
052960,태양3C,2026-02-09,EXISTING
403810,아이엘로보틱스,,
008500,일정실업,2026-02-09,EXISTING
032980,바이온,2026-02-09,EXISTING
254160,제이엠멀티,2026-02-09,EXISTING
009310,참엔지니어링,2026-02-09,EXISTING
079190,케스피온,2026-02-09,EXISTING
191600,블루탑,2026-02-09,EXISTING
233250,메디안디노스틱,2026-02-09,EXISTING
065060,지엔코,2026-02-09,EXISTING
086220,광동헬스바이오,2026-02-09,EXISTING
060480,국일신동,2026-02-09,EXISTING
331660,한국미라클피플사,2026-02-09,EXISTING
009440,KC그린홀딩스,2026-02-09,EXISTING
073190,듀오백,2026-02-09,EXISTING
048830,엔피케이,2026-02-09,EXISTING
008290,원풍물산,2026-02-09,EXISTING
217880,틸론,2026-02-09,EXISTING
368970,오에스피,2026-02-09,EXISTING
169670,코스텍시스템,2026-02-09,EXISTING
108675,LX하우시스우,2026-02-09,EXISTING
005725,넥센우,2026-02-09,EXISTING
477380,미래에셋비전스팩4호,2026-02-09,EXISTING
379390,이성씨엔아이,2026-02-09,EXISTING
341170,퓨쳐메디신,2026-02-09,EXISTING
327610,펨토바이오메드,2026-02-09,EXISTING
351020,미쥬,2026-02-09,EXISTING
241820,피씨엘,2026-02-09,EXISTING
482680,미래에셋비전스팩7호,2026-02-09,EXISTING
275630,에스에스알,2026-02-09,EXISTING
106080,케이이엠텍,2026-02-09,EXISTING
035290,골드앤에스,2026-02-09,EXISTING
065770,CS,2026-02-09,EXISTING
225430,케이엠제약,2026-02-09,EXISTING
000087,하이트진로2우B,2026-02-09,EXISTING
026910,광진실업,2026-02-09,EXISTING
476710,타조이엔터테인먼트,2026-02-09,EXISTING
204210,스타에스엠리츠,2026-02-09,EXISTING
106520,노블엠앤비,2026-02-09,EXISTING
0115H0,삼성스팩13호,,
001795,대한제당우,2026-02-09,EXISTING
0072Z0,KB제33호스팩,,
050090,비케이홀딩스,2026-02-09,EXISTING
900120,씨엑스아이,2026-02-09,EXISTING
0101C0,하나36호스팩,,
457630,대신밸런스제16호스팩,2026-02-09,EXISTING
0044K0,삼성스팩10호,,
469880,하나30호스팩,2026-02-09,EXISTING
477340,에이치엠씨제7호스팩,2026-02-09,EXISTING
030350,드래곤플라이,2026-02-09,EXISTING
079950,인베니아,2026-02-09,EXISTING
027040,서울전자통신,2026-02-09,EXISTING
069330,유아이디,2026-02-09,EXISTING
368030,창대정밀,2026-02-09,EXISTING
065420,에스아이리소스,2026-02-09,EXISTING
238170,엔에스엠,2026-02-09,EXISTING
227100,프로브잇,2026-02-09,EXISTING
250930,예선테크,2026-02-09,EXISTING
473050,유안타제15호스팩,2026-02-09,EXISTING
313760,캐리,2026-02-09,EXISTING
060260,뉴보텍,2026-02-09,EXISTING
478440,미래에셋비전스팩6호,2026-02-09,EXISTING
33637L,솔루스첨단소재2우B,,
479880,한국제15호스팩,2026-02-09,EXISTING
208850,이비테크,2026-02-09,EXISTING
152550,한국ANKOR유전,2026-02-09,EXISTING
0099W0,미래에셋비전스팩11호,,
489480,키움제11호스팩,2026-02-09,EXISTING
140910,에이리츠,2026-02-09,EXISTING
145995,삼양사우,2026-02-09,EXISTING
058450,한주에이알티,2026-02-09,EXISTING
481890,엔에이치스팩31호,2026-02-09,EXISTING
352770,셀레스트라,2026-02-09,EXISTING
244460,올리패스,2026-02-09,EXISTING
0096B0,삼성스팩12호,,
188260,세니젠,2026-02-09,EXISTING
0054V0,엔에이치스팩32호,,
302920,더콘텐츠온,2026-02-09,EXISTING
149010,아이케이세미콘,2026-02-09,EXISTING
471050,대신밸런스제17호스팩,2026-02-09,EXISTING
489730,디비금융제13호스팩,2026-02-09,EXISTING
0099X0,IBKS제25호스팩,,
253610,루트락,2026-02-09,EXISTING
0097F0,미래에셋비전스팩10호,,
478390,KB제29호스팩,2026-02-09,EXISTING
477760,DB금융스팩12호,2026-02-09,EXISTING
0037T0,KB제32호스팩,,
084695,대상홀딩스우,2026-02-09,EXISTING
0093G0,미래에셋비전스팩8호,,
482520,교보16호스팩,2026-02-09,EXISTING
38380K,LX홀딩스1우,,
492220,KB제31호스팩,2026-02-09,EXISTING
054180,메디콕스,2026-02-09,EXISTING
0091W0,신영스팩11호,,
004255,NPC우,2026-02-09,EXISTING
001067,JW중외제약2우B,2026-02-09,EXISTING
065570,삼영이엔씨,2026-02-09,EXISTING
0088D0,메리츠제1호스팩,,
482690,대신밸런스제19호스팩,2026-02-09,EXISTING
224760,엔에스컴퍼니,2026-02-09,EXISTING
0041L0,하나35호스팩,,
456190,큐라켐,2026-02-09,EXISTING
487360,신한제14호스팩,2026-02-09,EXISTING
052670,제일바이오,2026-02-09,EXISTING
199150,데이터스트림즈,2026-02-09,EXISTING
473370,비엔케이제2호스팩,,
0071M0,삼성스팩11호,,
469900,하나31호스팩,2026-02-09,EXISTING
474660,신한제12호스팩,2026-02-09,EXISTING
477470,미래에셋비전스팩5호,2026-02-09,EXISTING
060240,스타코링크,2026-02-09,EXISTING
03481K,해성산업1우,,
496070,신한제16호스팩,2026-02-09,EXISTING
052770,아이톡시,2026-02-09,EXISTING
121850,코이즈,2026-02-09,EXISTING
004105,태양금속우,2026-02-09,EXISTING
044180,KD,2026-02-09,EXISTING
0105P0,유진스팩12호,,
003075,코오롱글로벌우,2026-02-09,EXISTING
474490,유안타제16호스팩,2026-02-09,EXISTING
486630,KB제30호스팩,2026-02-09,EXISTING
489210,교보17호스팩,2026-02-09,EXISTING
00806K,대덕1우,,
289170,바이오텐,2026-02-09,EXISTING
0096D0,미래에셋비전스팩9호,,
0098T0,교보19호스팩,,
444920,유안타제11호스팩,2026-02-09,EXISTING
452670,상상인제4호스팩,2026-02-09,EXISTING
0004Y0,디비금융제14호스팩,,
000225,유유제약1우,2026-02-09,EXISTING
455910,에스케이증권제9호스팩,2026-02-09,EXISTING
493790,유안타제17호스팩,2026-02-09,EXISTING
455310,한화플러스제4호스팩,2026-02-09,EXISTING
0041B0,교보18호스팩,,
001515,SK증권우,,
00781K,코리아써키트2우B,,
001755,한양증권우,2026-02-09,EXISTING
466690,키움히어로제1호스팩,,
472220,신영스팩10호,2026-02-09,EXISTING
031860,디에이치엑스컴퍼니,2026-02-09,EXISTING
478110,이베스트스팩6호,2026-02-09,EXISTING
498390,한화플러스제5호스팩,2026-02-09,EXISTING
238500,로보쓰리에이아이,,
244880,나눔테크,2026-02-09,EXISTING
001065,JW중외제약우,2026-02-09,EXISTING
178600,대동고려삼,2026-02-09,EXISTING
488060,유진스팩11호,2026-02-09,EXISTING
450940,유안타제14호스팩,2026-02-09,EXISTING
469480,IBKS제24호스팩,2026-02-09,EXISTING
467930,IBKS제23호스팩,2026-02-09,EXISTING
004835,덕성우,2026-02-09,EXISTING
484130,하나34호스팩,2026-02-09,EXISTING
224810,엄지하우스,2026-02-09,EXISTING
006345,대원전선우,2026-02-09,EXISTING
464440,한국제13호스팩,2026-02-09,EXISTING
390110,애니메디솔루션,2026-02-09,EXISTING
185190,수프로,2026-02-09,EXISTING
462020,에이치엠씨제6호스팩,2026-02-09,EXISTING
473950,에스케이증권제13호스팩,2026-02-09,EXISTING
487830,신한제15호스팩,2026-02-09,EXISTING
468760,유진스팩10호,2026-02-09,EXISTING
458610,한국제12호스팩,2026-02-09,EXISTING
456490,교보14호스팩,2026-02-09,EXISTING
202960,판도라티비,2026-02-09,EXISTING
465320,교보15호스팩,,
487720,키움제10호스팩,2026-02-09,EXISTING
299480,지앤이헬스케어,,
114920,대주이엔티,,
0068Y0,비엔케이제3호스팩,,
318660,타임기술,,
472230,에스케이증권제11호스팩,,
004985,성신양회우,,
251280,안지오랩,2026-02-09,EXISTING
0041J0,엘에스스팩1호,,
012205,계양전기우,,
215570,크로넥스,,
447690,아이오바이오,2026-02-09,EXISTING
475250,하나33호스팩,,
474930,신한제13호스팩,,
000325,노루홀딩스우,,
079970,투비소프트,2026-02-09,EXISTING
212310,오건에코텍,,
26490K,크라운제과우,,
457940,에스케이증권제10호스팩,,
311960,인터로이드,2026-02-09,EXISTING
473000,에스케이증권제12호스팩,,
475240,하나32호스팩,,
234070,에이원알폼,,
266470,바이오인프라생명과학,,
189350,코셋,,
236340,메디젠휴먼케어,,
346010,타이드,2026-02-09,EXISTING
199290,바이오프로테크,,
448780,마이크로엔엑스,,
332190,오션스바이오,,
090355,노루페인트우,,
007575,일양약품우,,
267080,세븐브로이맥주,,
000145,하이트진로홀딩스우,,
066830,제노텍,,
101390,아이엠,2026-02-09,EXISTING
276240,엘리비젼,,
000545,흥국화재우,,
258050,테크트랜스,2026-02-09,EXISTING
217910,에스제이켐,,
36328K,티와이홀딩스우,,
092590,럭스피아,,
266350,팡스카이,,
103660,씨앗,2026-02-09,EXISTING
093510,엔지브이아이,2026-02-09,EXISTING
136660,큐엠씨,,
043090,더테크놀로지,2026-02-09,EXISTING
005745,크라운해태홀딩스우,,
008355,남선알미우,,
014285,금강공업우,,
005965,동부건설우,,
014825,동원시스템즈우,,
002995,금호건설우,,
009415,태영건설우,,
402420,켈스,,
116100,태양기계,,
208890,미래엔에듀파트너,,
341310,이앤에치,2026-02-09,EXISTING
004545,깨끗한나라우,,
121060,유니포인트,,
236030,씨알푸드,,
000227,유유제약2우B,,
140660,위월드,,
245450,씨앤에스링크,,
217320,썬테크,,
011155,CJ씨푸드1우,,
001525,동양우,,
002785,진흥기업우B,,
001527,동양2우B,,
014915,성문전자우,,
413300,티엘엔지니어링,,
004415,서울식품우,,
002787,진흥기업2우B,,
296520,가이아코퍼레이션,,
021045,대호특수강우,,
032685,소프트센우,,
149300,아퓨어스,2026-02-09,EXISTING
266170,레드우즈,,
279060,이노벡스,2026-02-09,EXISTING
223220,로지스몬,2026-02-09,EXISTING
000060,000060,2023-02-20,EXISTING
001140,국보,2026-01-26,EXISTING
001725,신영증권우,2024-04-25,EXISTING
001880,DL건설,2024-02-29,EXISTING
003410,쌍용C&E,2024-07-08,EXISTING
003560,IHQ,2026-01-14,EXISTING
005390,신성통상,2025-09-29,EXISTING
006390,한일현대시멘트,2025-11-20,EXISTING
006580,대양제지,2024-06-20,EXISTING
008560,메리츠증권,2023-04-24,EXISTING
010050,우리종금,2023-08-25,EXISTING
010420,한솔PNS,2025-09-24,EXISTING
010600,웰바이오텍,2026-01-23,EXISTING
010620,현대미포조선,2025-12-12,EXISTING
012600,청호ICT,2025-05-26,EXISTING
014200,광림,2025-11-25,EXISTING
015540,쎌마테라퓨틱스,2023-11-06,EXISTING
019590,엠벤처투자,2025-09-05,EXISTING
023460,CNH,2025-07-11,EXISTING
024810,이화전기,2025-09-09,EXISTING
029960,코엔텍,2025-06-13,EXISTING
033180,KH 필룩스,2026-01-14,EXISTING
034300,신세계건설,2025-02-21,EXISTING
042670,현대두산인프라코어,2026-01-23,EXISTING
044060,조광ILI,2025-08-20,EXISTING
046140,SBS콘텐츠허브,2023-12-15,EXISTING
048260,오스템임플란트,2023-08-11,EXISTING
049770,동원F&B,2025-07-30,EXISTING
053590,한국테크놀로지,2024-10-04,EXISTING
054630,에이디칩스,2025-12-29,EXISTING
056000,056000,2023-03-29,EXISTING
057880,피에이치씨,2026-01-21,EXISTING
062860,티엘아이,2024-11-13,EXISTING
065560,녹원씨엔아이,2024-07-26,EXISTING
068400,SK렌터카,2024-01-30,EXISTING
069110,코스온,2023-10-19,EXISTING
071460,위니아,2025-06-17,EXISTING
072520,제넨바이오,2025-06-17,EXISTING
078940,코드네이처,2025-02-18,EXISTING
080000,에스엔유,2024-12-19,EXISTING
085370,루트로닉,2023-10-26,EXISTING
089530,에이티세미콘,2024-09-05,EXISTING
091090,세원이앤씨,2025-10-24,EXISTING
091990,셀트리온헬스케어,2024-01-11,EXISTING
093230,이아이디,2025-09-10,EXISTING
096040,이트론,2025-09-09,EXISTING
096640,멜파스,2023-07-14,EXISTING
102280,쌍방울,2025-11-27,EXISTING
111870,KH 전자,2026-01-13,EXISTING
115390,락앤락,2024-12-06,EXISTING
115960,연우,2024-03-05,EXISTING
119860,커넥트웨이브,2024-09-23,EXISTING
136510,스마트솔루션즈,2024-07-24,EXISTING
138580,비즈니스온,2024-11-21,EXISTING
141020,디에스앤엘,2024-01-02,EXISTING
150840,인트로메딕,2026-01-23,EXISTING
151910,SBW생명과학,2025-11-25,EXISTING
155900,바다로19호,2023-11-23,EXISTING
160600,이큐셀,2025-02-13,EXISTING
164060,이루다,2024-10-21,EXISTING
168490,한국패러랠,2025-03-31,EXISTING
174880,장원테크,2026-01-13,EXISTING
181340,이즈미디어,2024-07-09,EXISTING
208340,파멥신,2026-01-26,EXISTING
214870,뉴지랩파마,2025-03-28,EXISTING
226360,KH 건설,2026-01-13,EXISTING
226440,한송네오텍,2025-06-18,EXISTING
263540,어스앤에어로스페이스,2024-11-05,EXISTING
268600,셀리버리,2025-03-06,EXISTING
282690,동아타이어,2024-10-07,EXISTING
287410,제이시스메디칼,2024-11-06,EXISTING
289860,지슨,2025-08-13,EXISTING
290380,대유,2025-08-20,EXISTING
298870,우리벤처파트너스,2023-08-25,EXISTING
335890,비올,2025-12-09,EXISTING
343090,HLB사이언스,2026-01-15,EXISTING
376190,LB루셈,2025-02-20,EXISTING
380440,엔에이치스팩19호,2023-12-28,EXISTING
391060,엔에이치스팩20호,2024-05-13,EXISTING
435620,하나금융25호스팩,2025-05-23,EXISTING
439250,삼성스팩7호,2025-05-30,EXISTING
442770,IBKS제21호스팩,2025-11-14,EXISTING
442900,미래에셋드림스팩1호,2025-10-22,EXISTING
446150,유안타제12호스팩,2026-01-27,EXISTING
446190,미래에셋비전스팩2호,2025-09-08,EXISTING
446750,하나26호스팩,2025-10-15,EXISTING
448370,하나27호스팩,2025-11-12,EXISTING
448740,삼성스팩8호,2025-10-13,EXISTING
448760,IBKS제22호스팩,2025-12-26,EXISTING
448830,미래에셋비전스팩3호,2026-01-13,EXISTING
449020,유안타제13호스팩,2025-10-02,EXISTING
450050,450050,2026-01-28,EXISTING
450140,코오롱모빌리티그룹,2026-01-06,EXISTING
454640,454640,2026-02-03,EXISTING
454750,454750,2025-10-24,EXISTING
455250,455250,2026-01-27,EXISTING
478780,478780,2026-01-13,EXISTING
495900,495900,2026-01-26,EXISTING
900280,골든센츄리,2025-01-07,EXISTING
950110,SBI핀테크솔루션즈,2025-07-23,EXISTING
